chembl_id,smiles,activity
CHEMBL59146,O=C(c1ccc(OCCN2CCCCC2)cc1)N1c2ccc(O)cc2CCC1c1ccccc1,29.0
CHEMBL60538,Oc1ccc2c(c1)CCC(c1ccccc1)N2Cc1ccc(OCCN2CCCCC2)cc1,1.7
CHEMBL81,O=C(c1ccc(OCCN2CCCCC2)cc1)c1c(-c2ccc(O)cc2)sc2cc(O)ccc12,0.4
CHEMBL293599,Oc1ccc(C2CCc3cc(O)ccc3N2)cc1,170.0
CHEMBL56306,Oc1ccc(C2CCc3cc(O)ccc3N2Cc2ccc(OCCN3CCCC3)cc2)cc1,1.1
CHEMBL58688,Oc1cccc(C2CCc3cc(O)ccc3N2Cc2ccc(OCCN3CCCCC3)cc2)c1,0.6
CHEMBL56166,O=C(c1ccc(OCCN2CCCCC2)cc1)N1c2ccc(O)cc2CCC1c1ccc(O)cc1,88.0
CHEMBL56390,Oc1ccc(C2CCc3cc(O)ccc3N2c2ccc(OCCN3CCCC3)cc2)cc1,0.9
CHEMBL59438,Oc1ccc(-c2ccc3cc(O)ccc3n2)cc1,310.0
CHEMBL2137046,CCC(=C(c1ccc(O)cc1)c1ccc(OCCN(C)C)cc1)c1ccccc1,0.5
CHEMBL59311,O=C(c1ccc(OCCN2CCCCC2)cc1)N1c2ccc(O)cc2CCC1c1cccc(O)c1,37.0
CHEMBL56198,Oc1ccc(C2CCc3cc(O)ccc3N2Cc2ccc(OCCN3CCCCC3)cc2)cc1,0.6
CHEMBL293297,Oc1ccc(C2CCc3cc(O)ccc3N2c2ccc(OCCN3CCCCC3)cc2)cc1,2.5
CHEMBL335884,C[C@@]12CCc3c(sc4cc(O)ccc34)[C@H]1CC[C@H]2O,13.0
CHEMBL135236,C[C@]12CCc3c(ccc4cc(O)ccc34)[C@@H]1CC[C@H]2O,8.0
CHEMBL135180,C[C@]12CCc3c(sc4cc(O)ccc34)[C@H]1CC[C@@H]2O,10.0
CHEMBL335328,C[C@@]12CCc3c(sc4cc(O)ccc34)[C@@H]1CC[C@H]2O,24.0
CHEMBL138544,C[C@]12CCc3c(sc4cc(O)ccc34)[C@@H]1CC[C@H]2O,23.0
CHEMBL135732,C[C@]12CCc3c(sc4cc(O)ccc34)[C@@H]1CC[C@@H]2O,4.0
CHEMBL58563,Cc1cc(-c2cc(-c3ccccc3)cc(N(C)CCc3ccccc3)n2)ccc1O,160.0
CHEMBL59184,Cc1cc(-c2cc(-c3ccccc3)cc(N(C)Cc3ccccc3)n2)ccc1O,380.0
CHEMBL82307,COc1ccc2c(c1)CCC1=CC(=O)CC[C@@]12Cc1ccccc1,10000.0
CHEMBL60909,CCOCCN(CCOCC)c1cc(-c2ccccc2)cc(-c2ccc(O)c(C)c2)n1,2000.0
CHEMBL58504,CCCCN(C)c1cc(-c2ccccc2)cc(-c2ccc(O)c(C)c2)n1,660.0
CHEMBL58449,Cc1cc(-c2cc(-c3ccccc3)cc(N(C)Cc3cccc4ccccc34)n2)ccc1O,450.0
CHEMBL59552,CC(C)CN(C)c1cc(-c2ccccc2)cc(-c2ccc(O)cc2)n1,620.0
CHEMBL58330,Cc1cc(-c2cc(-c3ccccc3)cc(N(CCc3ccccc3)Cc3ccccc3)n2)ccc1O,130.0
CHEMBL57875,CN(CCc1ccccc1)c1cc(-c2ccccc2)cc(-c2ccc(O)cc2)n1,490.0
CHEMBL57093,CCCN(Cc1ccccn1)c1cc(-c2ccccc2)cc(-c2ccc(O)c(C)c2)n1,70.0
CHEMBL81,O=C(c1ccc(OCCN2CCCCC2)cc1)c1c(-c2ccc(O)cc2)sc2cc(O)ccc12,0.22
CHEMBL58714,Cc1cc(-c2cc(-c3ccccc3)cc(N3CCC(Cc4ccccc4)CC3)n2)ccc1O,20.0
CHEMBL135,C[C@]12CC[C@@H]3c4ccc(O)cc4CC[C@H]3[C@@H]1CC[C@@H]2O,2.2
CHEMBL78704,CC#C[C@]1(O)CCC2C3CCC4=CC(=O)CC[C@]4(Cc4ccc(C)cc4)C3=CC[C@@]21C,10000.0
CHEMBL59271,Cc1cc(-c2cc(-c3ccccc3)cc(N(C)CCc3ccccn3)n2)ccc1O,1260.0
CHEMBL61026,CCN(Cc1ccncc1)c1cc(-c2ccccc2)cc(-c2ccc(O)c(C)c2)n1,830.0
CHEMBL294710,Cc1ccccc1-c1cc(-c2ccc(O)cc2)nc(N(C)CCc2ccccc2)c1,650.0
CHEMBL58741,CN(CCc1ccccc1)c1cc(-c2ccc(O)cc2)cc(-c2ccc(O)cc2)n1,3000.0
CHEMBL58486,Cc1cc(-c2cc(-c3ccccc3)cc(N(C)CC(C)C)n2)ccc1O,210.0
CHEMBL292573,CCCN(Cc1ccccn1)c1cc(-c2ccccc2)cc(-c2ccc(O)cc2)n1,180.0
CHEMBL152993,CN1CCN(c2nc(NCCc3ccc(O)cc3)nc(SCCCc3ccccc3)n2)CC1,270.0
CHEMBL155044,CN(CCCc1ccc(Cl)cc1)c1nc(NCCc2ccc(O)cc2)nc(N2CCN(Cc3ccncc3)CC2)n1,810.0
CHEMBL153245,CN(CCCc1ccc(Cl)cc1)c1nc(NCCc2ccc(O)cc2)nc(N2CCN(C(=O)Nc3ccc(Cl)cc3)CC2)n1,855.0
CHEMBL150356,Oc1ccc(CCNc2nc(NCCc3ccccc3)nc(N3CCNCC3)n2)cc1,2370.0
CHEMBL153407,CN(CCCc1ccc(C(F)(F)F)cc1)c1nc(NCCc2ccc(O)cc2)nc(N2CCNCC2)n1,480.0
CHEMBL150879,CN(C)C(=O)CN1CCN(c2nc(NCCc3ccc(O)cc3)nc(N(C)CCCc3ccc(Cl)cc3)n2)CC1,3000.0
CHEMBL153211,CN1CCN(c2nc(NCCCc3ccccc3)nc(NCc3ccc(O)cc3)n2)CC1,5130.0
CHEMBL150554,CN1CCN(c2nc(NCCCc3ccccc3)nc(N3CCCC(c4ccc(O)cc4)C3)n2)CC1,10000.0
CHEMBL153709,Oc1ccc(CCNc2nc(NCCCc3ccc(Cl)cc3)nc(N3CCNCC3)n2)cc1,200.0
CHEMBL154988,CN1CCN(c2nc(NCCc3ccc(O)cc3)nc(N(C)CCCc3ccc(Cl)cc3)n2)CC1,145.0
CHEMBL153471,CN(CCCc1ccc(Cl)cc1)c1nc(NCCc2ccc(O)cc2)nc(N2CCN(Cc3cccnc3)CC2)n1,475.0
CHEMBL153303,CN1CCN(c2nc(NCCCc3ccccc3)nc(NC3CCc4cc(O)ccc4C3)n2)CC1,1000.0
CHEMBL153115,CN(CCCc1ccc(F)c(F)c1)c1nc(NCCc2ccc(O)cc2)nc(N2CCNCC2)n1,200.0
CHEMBL153113,CN(CCCc1ccc(Cl)cc1)c1nc(NCCc2ccc(O)cc2)nc(N2CCN(c3ccccc3)CC2)n1,6320.0
CHEMBL358938,CN(CCCc1ccc(Cl)cc1)c1nc(NCCc2ccc(O)cc2)nc(N2CCN(CC(=O)c3ccccc3)CC2)n1,2040.0
CHEMBL153359,CN(CCCc1ccc(C#N)cc1)c1nc(NCCc2ccc(O)cc2)nc(N2CCNCC2)n1,570.0
CHEMBL152970,CN(CCCc1ccc(Cl)cc1)c1nc(NCCc2ccc(O)cc2)nc(N2CCN(C(=O)N3CCOCC3)CC2)n1,2360.0
CHEMBL153653,CN1CCN(c2nc(NCCc3ccc(O)cc3)nc(NC3CCc4ccccc43)n2)CC1,10000.0
CHEMBL355980,CN(CCCc1ccc(Cl)cc1)c1nc(NCCc2ccc(O)cc2)nc(N2CCN(S(=O)(=O)Cc3ccccc3)CC2)n1,1450.0
CHEMBL149803,Cc1ccc(CCCN(C)c2nc(NCCc3ccc(O)cc3)nc(N3CCNCC3)n2)cc1,1140.0
CHEMBL348343,CN(CCCc1ccc(Cl)cc1)c1nc(NCCc2ccc(O)cc2)nc(N2CCN(C(=O)COc3ccccc3)CC2)n1,570.0
CHEMBL358009,CN1CCN(c2nc(NCCCc3ccccc3)nc(N3CCc4cc(O)ccc4C3)n2)CC1,10000.0
CHEMBL358890,CN1CCN(c2nc(NCCc3ccc(O)cc3)nc(OCCCc3ccccc3)n2)CC1,2400.0
CHEMBL153405,CN(CCCc1ccc(Cl)cc1)c1nc(NCCc2ccc(O)cc2)nc(N2CCNCC2)n1,300.0
CHEMBL152913,CCN(CCCc1ccc(Cl)cc1)c1nc(NCCc2ccc(O)cc2)nc(N2CCNCC2)n1,830.0
CHEMBL356635,CCN(CC)C(=O)N1CCN(c2nc(NCCc3ccc(O)cc3)nc(N(C)CCCc3ccc(Cl)cc3)n2)CC1,10000.0
CHEMBL358468,CN1CCN(c2nc(NCCCc3ccccc3)nc(NC3CCc4ccc(O)cc4C3)n2)CC1,10000.0
CHEMBL346401,CN1CCN(c2nc(NCCCCc3ccccc3)nc(NCCc3ccc(O)cc3)n2)CC1,415.0
CHEMBL2112892,CN(CCCc1ccc(Cl)cc1)c1nc(NCCc2ccc(O)cc2)nc(N2C[C@@H]3C[C@H]2CN3)n1,2275.0
CHEMBL347063,COc1ccc(C(=O)N2CCN(c3nc(NCCc4ccc(O)cc4)nc(N(C)CCCc4ccc(Cl)cc4)n3)CC2)cc1,1130.0
CHEMBL150721,CCC(=O)CCN1CCN(c2nc(NCCc3ccc(O)cc3)nc(N(C)CCCc3ccc(Cl)cc3)n2)CC1,250.0
CHEMBL356874,CN(CCCc1ccc(Cl)cc1Cl)c1nc(NCCc2ccc(O)cc2)nc(N2CCNCC2)n1,125.0
CHEMBL153765,CN(CCCC1CCCCC1)c1nc(NCCc2ccc(O)cc2)nc(N2CCNCC2)n1,1420.0
CHEMBL150290,CN(CCCc1ccc(Cl)cc1)c1nc(NCCc2ccc(O)cc2)nc(N2CCN(C(=O)CCc3ccccc3)CC2)n1,1050.0
CHEMBL150593,CC(C)S(=O)(=O)N1CCN(c2nc(NCCc3ccc(O)cc3)nc(N(C)CCCc3ccc(Cl)cc3)n2)CC1,10000.0
CHEMBL150279,CN(CCCc1ccc(F)cc1)c1nc(NCCc2ccc(O)cc2)nc(N2CCNCC2)n1,380.0
CHEMBL155510,CN(CCCc1ccc2c(c1)OCO2)c1nc(NCCc2ccc(O)cc2)nc(N2CCNCC2)n1,560.0
CHEMBL153395,CN(C[C@@H]1C[C@@H]1c1ccccc1)c1nc(NCCc2ccc(O)cc2)nc(N2CCNCC2)n1,1240.0
CHEMBL153706,CN(CCCc1ccc(Cl)cc1)c1nc(NCCc2ccc(O)cc2)nc(N2CCN(C3CCCC3)CC2)n1,180.0
CHEMBL153289,CN(CCCc1ccc(Cl)cc1)c1nc(NCCc2ccc(O)cc2)nc(N2CCN(CC(=O)C(C)(C)C)CC2)n1,1025.0
CHEMBL434502,Cc1nc(CN2CCN(c3nc(NCCc4ccc(O)cc4)nc(N(C)CCCc4ccc(Cl)cc4)n3)CC2)cs1,650.0
CHEMBL153100,CN1CCN(c2nc(NCCCc3ccccc3)nc(NCCc3cccc(O)c3)n2)CC1,10000.0
CHEMBL149806,C=CCN1CCN(c2nc(NCCc3ccc(O)cc3)nc(N(C)CCCc3ccc(Cl)cc3)n2)CC1,360.0
CHEMBL356852,CN1CCN(c2nc(NCCCc3ccccc3)nc(NCCc3ccc(O)cc3)n2)CC1,3240.0
CHEMBL346215,CN(CCCc1ccccc1Cl)c1nc(NCCc2ccc(O)cc2)nc(N2CCNCC2)n1,680.0
CHEMBL356893,CN(CCCc1ccc(Cl)cc1)c1nc(NCCc2ccc(O)cc2)nc(N2CCN(Cc3ccccn3)CC2)n1,675.0
CHEMBL347560,CN(CCCc1ccc(Cl)cc1)c1nc(NCCc2ccc(O)cc2)nc(N2CCN(CCO)CC2)n1,395.0
CHEMBL150466,Oc1ccc(CCNc2nc(SCCOc3ccc(Cl)cc3)nc(N3CCNCC3)n2)cc1,570.0
CHEMBL155226,CN(C[C@@H]1C[C@H]1c1ccccc1)c1nc(NCCc2ccc(O)cc2)nc(N2CCNCC2)n1,10000.0
CHEMBL152916,CN(CCOc1ccc(Cl)cc1)c1nc(NCCc2ccc(O)cc2)nc(N2CCNCC2)n1,1000.0
CHEMBL152972,CN(CCCc1ccc(Cl)cc1)c1nc(NCCc2ccc(O)cc2)nc(N2CCN(S(=O)(=O)/C=C/c3ccccc3)CC2)n1,1300.0
CHEMBL150503,Oc1ccc(CCNc2nc(NC/C=C/c3ccccc3)nc(N3CCNCC3)n2)cc1,6870.0
CHEMBL346455,Oc1ccc(CCNc2nc(SCCCc3ccc(Cl)cc3)nc(N3CCNCC3)n2)cc1,160.0
CHEMBL150704,Oc1ccc(CCNc2nc(NCCCc3ccccc3)nc(N3CCNCC3)n2)cc1,1380.0
CHEMBL150594,C[C@H]1CN(c2nc(NCCc3ccc(O)cc3)nc(N(C)CCCc3ccc(Cl)cc3)n2)C[C@@H](C)N1,60.0
CHEMBL356668,CN(CCCc1ccc(Cl)cc1)c1nc(NCCc2ccc(O)cc2)nc(N2CCN(Cc3ccccc3)CC2)n1,120.0
CHEMBL130030,CNc1c(/C=N/O)ccc(-c2ccccc2)c1-c1ccccc1,3.7
CHEMBL128654,O/N=C/c1ccc(-c2ccccc2)c(-c2ccccc2)c1O,1.1
CHEMBL128227,CCNc1c(/C=N/O)ccc(-c2ccccc2)c1-c1ccccc1,0.47
CHEMBL135,C[C@]12CC[C@@H]3c4ccc(O)cc4CC[C@H]3[C@@H]1CC[C@@H]2O,100.0
CHEMBL131163,Nc1c(/C=N/O)ccc(-c2ccccc2)c1-c1ccccc1,2.2
CHEMBL335465,O/N=C/c1ccc(-c2ccccc2)c(-c2ccccc2)c1,0.15
CHEMBL86206,CCCc1c(-c2ccc(O)cc2)oc(-c2ccc(O)cc2)c1-c1ccc(OCCN2CCCCC2)cc1,34.0
CHEMBL316003,CCc1c(-c2ccc(O)cc2)oc(-c2ccc(O)cc2)c1-c1ccc(OCCN2CCCCC2)cc1,75.0
CHEMBL315475,CCc1c(-c2ccc(O)cc2)oc(-c2ccc(O)cc2)c1-c1ccc(OC)cc1,2.5
CHEMBL314561,Cc1c(-c2ccc(O)cc2)oc(-c2ccc(O)cc2)c1-c1ccc(OCCN2CCCCC2)cc1,32.0
CHEMBL315474,CCc1c(-c2ccc(OCCN3CCCCC3)cc2)oc(-c2ccc(O)cc2)c1-c1ccc(O)cc1,0.36
CHEMBL432371,CCc1c(-c2ccc(O)cc2)oc(-c2ccccc2)c1-c1ccc(OCCN2CCCCC2)cc1,3.8
CHEMBL85561,CCc1c(-c2ccccc2)oc(-c2ccc(O)cc2)c1-c1ccc(OCCN2CCCCC2)cc1,60.0
CHEMBL12987,Oc1ccc2c(c1)CN(c1ccc(OCCN3CCCCC3)cc1)c1c-2ccc2cc(O)ccc12,0.28
CHEMBL464360,Cc1cc(O)c2c(c1)C(=O)c1cc(O)cc(O[C@@H]3O[C@H](CO)[C@@H](O)[C@H](O)[C@H]3O)c1C2=O,5700.0
CHEMBL44,O=c1c(-c2ccc(O)cc2)coc2cc(O)cc(O)c12,370.0
CHEMBL8145,O=c1c(-c2ccc(O)cc2)coc2cc(O)ccc12,1800.0
CHEMBL289277,Cc1cc(O)c2c(c1)C(=O)c1cc(O)cc(O)c1C2=O,770.0
CHEMBL298398,O=C1c2ccc(O)cc2C(=O)c2ccc(O)cc21,310.0
CHEMBL31738,C=C(C)c1ccc2c(c1)c(-c1ccc(OCCN3CCCCC3)cc1)cc1cc(O)cc(C)c12,290.0
CHEMBL31068,CC(C)=C(C)c1ccc2c(c1)c(-c1ccc(OCCN3CCCCC3)cc1)cc1cc(O)cc(C)c12,210.0
CHEMBL2137046,CCC(=C(c1ccc(O)cc1)c1ccc(OCCN(C)C)cc1)c1ccccc1,0.25
CHEMBL1358,C[C@]12CC[C@@H]3c4ccc(O)cc4C[C@@H](CCCCCCCCC[S+]([O-])CCCC(F)(F)C(F)(F)F)[C@H]3[C@@H]1CC[C@@H]2O,1.04
CHEMBL33889,Cc1cc(O)cc2cc(-c3ccc(OCCN4CCCCC4)cc3)c3cc(C(=O)C(C)C)ccc3c12,490.0
CHEMBL31089,Cc1cc(O)cc2cc(-c3ccc(OCCN4CCCCC4)cc3)c3cc(C(C)O)ccc3c12,120.0
CHEMBL34216,CC(=O)c1ccc2c(c1)c(-c1ccc(OCCN3CCCCC3)cc1)cc1cc(O)cc(C)c12,1000.0
CHEMBL411,CC/C(=C(/CC)c1ccc(O)cc1)c1ccc(O)cc1,0.49
CHEMBL30996,CCc1ccc2c(c1)C(c1ccc(OCCN3CCCCC3)cc1)Cc1cc(O)cc(C)c1-2,8.69
CHEMBL285483,O=C(c1ccc(OCCN2CCCCC2)cc1)c1oc2cc(O)ccc2c(=O)c1-c1ccc(O)cc1,3.9
CHEMBL296411,COc1ccc(/C=C/c2cc(OC)cc(OC)c2)cc1,261.0
CHEMBL178733,Clc1ccc(/C=C/c2cc(Cl)cc(Cl)c2)cc1,100000.0
CHEMBL178806,COc1ccc(/C=C/c2cc(F)cc(F)c2)cc1,100000.0
CHEMBL179481,Fc1ccc(/C=C/c2cc(F)cc(F)c2)cc1,100000.0
CHEMBL361212,FC(F)(F)c1ccc(/C=C/c2cc(C(F)(F)F)cc(C(F)(F)F)c2)cc1,100000.0
CHEMBL179374,COc1cc(/C=C/c2ccc(F)cc2)cc(OC)c1,100000.0
CHEMBL175525,CCOc1ccc(/C=C/c2cc(OC)cc(OC)c2)cc1,380.8
CHEMBL175526,CCCCOc1ccc(/C=C/c2cc(OC)cc(OC)c2)cc1,100000.0
CHEMBL179510,FC(F)(F)c1ccc(/C=C/c2cc(Cl)cc(Cl)c2)cc1,100000.0
CHEMBL179619,COc1ccc(/C=C/c2cc(Cl)cc(Cl)c2)cc1,100000.0
CHEMBL361541,FC(F)(F)c1cccc(/C=C/c2cc(Cl)cc(Cl)c2)c1,100000.0
CHEMBL427498,COc1cccc(/C=C/c2cc(Cl)cc(Cl)c2)c1,100000.0
CHEMBL165,Oc1ccc(/C=C/c2cc(O)cc(O)c2)cc1,785.0
CHEMBL311636,COc1ccc(/C=C\c2cc(OC)cc(OC)c2)cc1,132.0
CHEMBL361413,Clc1ccc(/C=C\c2cc(Cl)cc(Cl)c2)cc1,100000.0
CHEMBL178866,COc1ccc(/C=C\c2cc(F)cc(F)c2)cc1,100000.0
CHEMBL178917,Fc1ccc(/C=C\c2cc(F)cc(F)c2)cc1,100000.0
CHEMBL175493,FC(F)(F)c1ccc(/C=C\c2cc(C(F)(F)F)cc(C(F)(F)F)c2)cc1,100000.0
CHEMBL369262,COc1cc(/C=C\c2ccc(F)cc2)cc(OC)c1,100000.0
CHEMBL179243,CCOc1ccc(/C=C\c2cc(OC)cc(OC)c2)cc1,136.0
CHEMBL426049,CCCCOc1ccc(/C=C\c2cc(OC)cc(OC)c2)cc1,100000.0
CHEMBL179770,FC(F)(F)c1ccc(/C=C\c2cc(Cl)cc(Cl)c2)cc1,100000.0
CHEMBL178967,COc1ccc(/C=C\c2cc(Cl)cc(Cl)c2)cc1,100000.0
CHEMBL179821,FC(F)(F)c1cccc(/C=C\c2cc(Cl)cc(Cl)c2)c1,100000.0
CHEMBL362265,COc1cccc(/C=C\c2cc(Cl)cc(Cl)c2)c1,100000.0
CHEMBL407672,C#C[C@]1(O)CC[C@H]2[C@@H]3CCC4=CC(=O)CCC4=C3[C@@H](c3ccc(N(C)CCOC4CC[C@]5(C)[C@H]6C[C@H](O)[C@@]7(C)[C@@H](CC[C@@H]7[C@H](C)CCC(=O)NCCS(=O)(=O)O)[C@@H]6[C@H](O)C[C@@H]5C4)cc3)C[C@@]21C,10.0
CHEMBL1276308,CC#C[C@]1(O)CC[C@H]2[C@@H]3CCC4=CC(=O)CCC4=C3[C@@H](c3ccc(N(C)C)cc3)C[C@@]21C,200.0
CHEMBL364368,C#C[C@]1(O)CC[C@H]2[C@@H]3CCC4=CC(=O)CCC4=C3[C@@H](c3ccc(N(C)C(C)=O)cc3)C[C@@]21C,34.0
CHEMBL436859,C#C[C@]1(O)CC[C@H]2[C@@H]3CCC4=CC(=O)CCC4=C3[C@@H](c3ccc(N(C)C(=O)CC[C@H](NC(=O)CC[C@@H](C)[C@H]4CC[C@H]5[C@H]6[C@H](C[C@H](O)[C@@]54C)[C@@]4(C)CC[C@@H](O)C[C@H]4C[C@H]6O)C(=O)O)cc3)C[C@@]21C,72.0
CHEMBL411185,C#C[C@]1(O)CC[C@H]2[C@@H]3CCC4=CC(=O)CCC4=C3[C@@H](c3ccc(N(C)C(=O)CNC(=O)OC4CC[C@]5(C)[C@H]6C[C@H](O)[C@@]7(C)[C@@H](CC[C@@H]7[C@H](C)CCC(=O)O)[C@@H]6[C@H](O)C[C@@H]5C4)cc3)C[C@@]21C,11.0
CHEMBL266935,C#C[C@]1(O)CC[C@H]2[C@@H]3CCC4=CC(=O)CCC4=C3[C@@H](c3ccc(N(C)CCNC(=O)OC4CC[C@]5(C)[C@H]6C[C@H](O)[C@@]7(C)[C@@H](CC[C@@H]7[C@H](C)CCC(=O)O)[C@@H]6[C@H](O)C[C@@H]5C4)cc3)C[C@@]21C,200.0
CHEMBL427568,C#C[C@]1(O)CC[C@H]2[C@@H]3CCC4=CC(=O)CCC4=C3[C@@H](c3ccc(N(C)CCOC4CC[C@]5(C)[C@H]6C[C@H](O)[C@@]7(C)[C@@H](CC[C@@H]7[C@H](C)CCC(=O)O)[C@@H]6[C@H](O)C[C@@H]5C4)cc3)C[C@@]21C,11.0
CHEMBL427568,C#C[C@]1(O)CC[C@H]2[C@@H]3CCC4=CC(=O)CCC4=C3[C@@H](c3ccc(N(C)CCOC4CC[C@]5(C)[C@H]6C[C@H](O)[C@@]7(C)[C@@H](CC[C@@H]7[C@H](C)CCC(=O)O)[C@@H]6[C@H](O)C[C@@H]5C4)cc3)C[C@@]21C,12.0
CHEMBL408376,C#C[C@]1(O)CC[C@H]2[C@@H]3CCC4=CC(=O)CCC4=C3[C@@H](c3ccc(N(C)CCCC(=O)N(C)C4CC[C@@]5(C)[C@@H](C4)C[C@@H](O)[C@@H]4[C@@H]5C[C@H](O)[C@@]5(C)[C@H]4CC[C@@H]5[C@H](C)CCC(=O)O)cc3)C[C@@]21C,6.2
CHEMBL384975,C#C[C@]1(O)CC[C@H]2[C@@H]3CCC4=CC(=O)CCC4=C3[C@@H](c3ccc(N(C)CCNC(=O)N(C)C4CC[C@@]5(C)[C@@H](C4)C[C@@H](O)[C@@H]4[C@@H]5C[C@H](O)[C@@]5(C)[C@H]4CC[C@@H]5[C@H](C)CCC(=O)O)cc3)C[C@@]21C,140.0
CHEMBL406027,C#C[C@]1(O)CC[C@H]2[C@@H]3CCC4=CC(=O)CCC4=C3[C@@H](c3ccc(N(C)CCCS(=O)(=O)N(C)C4CC[C@@]5(C)[C@@H](C4)C[C@@H](O)[C@@H]4[C@@H]5C[C@H](O)[C@@]5(C)[C@H]4CC[C@@H]5[C@H](C)CCC(=O)O)cc3)C[C@@]21C,19.0
CHEMBL415621,C#C[C@]1(O)CC[C@H]2[C@@H]3CCC4=CC(=O)CCC4=C3[C@@H](c3ccc(N(C)CCCOC4CC[C@]5(C)[C@H]6C[C@H](O)[C@@]7(C)[C@@H](CC[C@@H]7[C@H](C)CCC(=O)O)[C@@H]6[C@H](O)C[C@@H]5C4)cc3)C[C@@]21C,8.8
CHEMBL2096708,C#C[C@]1(O)CC[C@H]2[C@@H]3CCC4=CC(=O)CCC4=C3[C@@H](c3ccc(N(C)CCOCCO[C@H]4CC[C@]5(C)[C@H]6C[C@H](O)[C@@]7(C)[C@@H](CC[C@@H]7[C@H](C)CCC(=O)O)[C@@H]6[C@H](O)C[C@@H]5C4)cc3)C[C@@]21C,14.0
CHEMBL440251,C#C[C@]1(O)CC[C@H]2[C@@H]3CCC4=CC(=O)CCC4=C3[C@@H](c3ccc(N(C)CCC[C@H]4[C@H](O)CC[C@]5(C)[C@H]6C[C@H](O)[C@@]7(C)[C@@H](CC[C@@H]7[C@H](C)CCC(=O)O)[C@@H]6[C@H](O)C[C@H]45)cc3)C[C@@]21C,46.0
CHEMBL263942,C#C[C@]1(O)CC[C@H]2[C@@H]3CCC4=CC(=O)CCC4=C3[C@@H](c3ccc(N(C)C(=O)CNC(=O)O[C@@H]4C[C@@H]5CC(O)CC[C@]5(C)[C@H]5C[C@H](O)[C@@]6(C)[C@@H](CC[C@@H]6[C@H](C)CCC(=O)O)[C@@H]54)cc3)C[C@@]21C,94.0
CHEMBL370492,CCc1nc2cc(O)ccc2c(Oc2ccc(/C=C/C(=O)O)cc2)c1-c1ccccc1,125.89
CHEMBL363630,CCc1nc2cc(O)ccc2c(Oc2ccc(/C=C/C(N)=O)cc2)c1-c1ccccc1,15.85
CHEMBL370750,CCc1nc2cc(O)ccc2c(Oc2ccc(/C=C/C(=O)NC(C)C)cc2)c1-c1ccccc1,10.0
CHEMBL194774,CCc1nc2cc(O)ccc2c(Oc2ccc(/C=C/C(=O)N(C)C)cc2)c1-c1ccccc1,10.0
CHEMBL193865,CCc1nc2cc(O)ccc2c(Oc2ccc(/C=C/C(=O)N3CCCCC3)cc2)c1-c1ccccc1,25.12
CHEMBL194600,O=C(O)/C=C/c1ccc(Oc2c(-c3ccccc3)c(-c3ccccc3)nc3cc(O)ccc23)cc1,3162.28
CHEMBL192025,CCc1nc2cc(O)ccc2c(Oc2ccc(/C=C/C(=O)O)cc2)c1-c1cccc(C(F)(F)F)c1,100.0
CHEMBL193730,CCc1nc2cc(O)ccc2c(Oc2cccc(/C=C/C(=O)O)c2)c1-c1ccccc1,1584.89
CHEMBL195080,CCc1nc2cc(O)ccc2c(Oc2ccc(OCCN(C)C)cc2)c1-c1ccccc1,7.943
CHEMBL135,C[C@]12CC[C@@H]3c4ccc(O)cc4CC[C@H]3[C@@H]1CC[C@@H]2O,1.995
CHEMBL195515,CC/C(=C(\c1ccc(O)cc1)c1ccc(/C=C/C(=O)O)cc1)c1ccccc1,2.512
CHEMBL2137046,CCC(=C(c1ccc(O)cc1)c1ccc(OCCN(C)C)cc1)c1ccccc1,2.512
CHEMBL383372,CCC1=C(c2ccc(O)cc2)C(C(=O)Nc2ccc(OCCN3CCCCC3)cc2)c2cc(O)ccc21,184.0
CHEMBL26865,Oc1ccc(C2=C(c3ccc(O)cc3)c3ccc(O)cc3C2)cc1,8.5
CHEMBL381645,Oc1ccc(C2=C(c3ccc(OCCN4CCCCC4)cc3)c3ccc(O)cc3C2)cc1,1.7
CHEMBL364442,Oc1ccc(C2=C(c3ccc(Cl)cc3)c3ccc(O)cc3C2)cc1,24.0
CHEMBL197080,Oc1ccc(C2=C(c3ccc(C(F)(F)F)cc3)c3ccc(O)cc3C2)cc1,2.1
CHEMBL380565,Nc1ccc(C2=C(c3ccc(O)cc3)Cc3cc(O)ccc32)cc1,0.67
CHEMBL372526,Oc1ccc(C2=C(c3ccc(CBr)cc3)c3ccc(O)cc3C2)cc1,59.0
CHEMBL198499,NC(=O)c1ccc(C2=C(c3ccc(O)cc3)Cc3cc(O)ccc32)cc1,4.2
CHEMBL370403,CC(=O)c1ccc(C2=C(c3ccc(O)cc3)Cc3cc(O)ccc32)cc1,7.3
CHEMBL2137046,CCC(=C(c1ccc(O)cc1)c1ccc(OCCN(C)C)cc1)c1ccccc1,0.04
CHEMBL2137046,CCC(=C(c1ccc(O)cc1)c1ccc(OCCN(C)C)cc1)c1ccccc1,5.7
CHEMBL81,O=C(c1ccc(OCCN2CCCCC2)cc1)c1c(-c2ccc(O)cc2)sc2cc(O)ccc12,0.03
CHEMBL409,CC(O)(CS(=O)(=O)c1ccc(F)cc1)C(=O)Nc1ccc(C#N)c(C(F)(F)F)c1,100000.0
CHEMBL197595,C[C@H]1CN(C(=O)Nc2ccc(C(F)(F)F)nc2)[C@H](C)CN1c1ccc(C#N)c(C(F)(F)F)c1,100000.0
CHEMBL535158,Cl.Oc1ccc2c3c(ccc2c1)-c1cc(F)cc(F)c1O[C@@H]3c1ccc(OCCN2CCCCC2)cc1,0.3
CHEMBL559366,Cl.Oc1ccc2c3c(ccc2c1)-c1cc(F)cc(F)c1O[C@H]3c1ccc(OCCN2CCCCC2)cc1,5.8
CHEMBL436784,O=c1cc(C(F)(F)F)c2cc(N(CC(F)(F)F)CC(F)(F)F)ccc2[nH]1,1000.0
CHEMBL278703,Oc1ccc([C@@H]2Oc3ccc(O)cc3[C@@H]3CCC[C@@H]32)cc1,2.68
CHEMBL216355,Oc1ccc([C@H]2Oc3ccc(O)cc3[C@H]3CCC[C@H]32)cc1,14.5
CHEMBL220609,Oc1ccc(-c2c(-c3ccc(OCCN4CCCCC4)cc3)nn3c(C(F)(F)F)cc(C(F)(F)F)nc23)cc1,266.0
CHEMBL220072,CN(C)CCOc1ccc(-c2nn3c(C(F)(F)F)cc(C(F)(F)F)nc3c2-c2ccc(O)cc2)cc1,408.0
CHEMBL185355,Oc1ccc(-c2nn3cc(O)cnc3c2-c2ccc(O)cc2)cc1,3333.0
CHEMBL219467,CN(C)CCOc1ccc(-c2c(-c3ccc(O)cc3)nn3c(C(F)(F)F)cc(C(F)(F)F)nc23)cc1,47.0
CHEMBL218220,Oc1ccc(-c2nn3c(C(F)(F)F)cc(C(F)(F)F)nc3c2-c2ccc(OCCN3CCCCC3)cc2)cc1,7.0
CHEMBL426073,Oc1ccc(-c2nn3c(C(F)(F)F)cc(C(F)(F)F)nc3c2-c2ccc(O)cc2)cc1,26.0
CHEMBL189178,Oc1ccc(-c2nn3c(C(F)(F)F)cc(C(F)(F)F)nc3c2-c2ccccc2)cc1,51.0
CHEMBL191066,Oc1ccc(-c2c(-c3ccccc3)nn3c(C(F)(F)F)cc(C(F)(F)F)nc23)cc1,2222.0
CHEMBL243571,CN(C)S(=O)(=O)c1ccc(-c2ccc3cc(O)ccc3c2Oc2ccc(OCCN3CCCCC3)cc2)cc1,0.4
CHEMBL390448,CS(=O)(=O)C1CC=C(c2ccc3cc(O)ccc3c2Oc2ccc(OCCN3CCCCC3)cc2)CC1,1.09
CHEMBL428926,O=S1(=O)CCC(c2ccc3cc(O)ccc3c2Oc2ccc(OCCN3CCCCC3)cc2)CC1,1.89
CHEMBL244207,O=S1(=O)CC=C(c2ccc3cc(O)ccc3c2Oc2ccc(OCCN3CCCCC3)cc2)CC1,1.03
CHEMBL244206,Oc1ccc2c(Oc3ccc(OCCN4CCCCC4)cc3)c(-c3ccc(F)c(F)c3)ccc2c1,0.2
CHEMBL390021,Oc1ccc2c(Oc3ccc(OCCN4CCCCC4)cc3)c(-c3cccc(F)c3)ccc2c1,0.18
CHEMBL244205,Oc1ccc2c(Oc3ccc(OCCN4CCCCC4)cc3)c(-c3ccc(F)cc3)ccc2c1,0.24
CHEMBL244001,CN(C)C(=O)c1ccc(-c2ccc3cc(O)ccc3c2Oc2ccc(OCCN3CCCCC3)cc2)cc1,0.57
CHEMBL244000,Oc1ccc(-c2ccc3cc(O)ccc3c2Oc2ccc(OCCN3CCCCC3)cc2)cc1,0.32
CHEMBL390020,Oc1cccc(-c2ccc3cc(O)ccc3c2Oc2ccc(OCCN3CCCCC3)cc2)c1,0.21
CHEMBL243999,N#Cc1cccc(-c2ccc3cc(O)ccc3c2Oc2ccc(OCCN3CCCCC3)cc2)c1,0.24
CHEMBL243791,CC(C)S(=O)(=O)c1ccc(-c2ccc3cc(O)ccc3c2Oc2ccc(OCCN3CCCCC3)cc2)cc1,0.73
CHEMBL243790,CCS(=O)(=O)c1ccc(-c2ccc3cc(O)ccc3c2Oc2ccc(OCCN3CCCCC3)cc2)cc1,1.22
CHEMBL243789,CS(=O)(=O)c1ccc(-c2ccc3cc(O)ccc3c2Oc2ccc(OCCN3CCCCC3)cc2)cc1,0.47
CHEMBL243970,CC(C)c1ccc(-c2sc3cc(O)ccc3c2Oc2ccc(OCCN3CCCCC3)cc2)cc1,0.091
CHEMBL395291,CCS(=O)(=O)c1ccc(-c2sc3cc(O)ccc3c2Oc2ccc(OCCN3CCCCC3)cc2)cc1,0.48
CHEMBL389907,CS(=O)(=O)c1ccc(-c2sc3cc(O)ccc3c2Oc2ccc(OCCN3CCCCC3)cc2)cc1,0.63
CHEMBL467888,C[C@@H]1CC[C@H]([C@@H](O)C(F)(F)F)N1c1ccc2[nH]c(=O)cc(C(F)(F)F)c2c1,10000.0
CHEMBL216355,Oc1ccc([C@H]2Oc3ccc(O)cc3[C@H]3CCC[C@H]32)cc1,4.34
CHEMBL234460,Oc1ccc([C@@H]2CCc3cc(O)ccc3O2)cc1,126.0
CHEMBL234462,Oc1ccc([C@H]2Oc3ccc(O)cc3[C@H]3CCCC[C@H]32)cc1,2.88
CHEMBL234463,Oc1ccc([C@H]2Oc3ccc(O)cc3[C@H]3CCCCC[C@H]32)cc1,6.11
CHEMBL397775,Oc1ccc2c(c1)[C@H]1CCC[C@H]1[C@@H](c1ccccc1)O2,267.0
CHEMBL234633,Oc1cccc([C@H]2Oc3ccc(O)cc3[C@H]3CCC[C@H]32)c1,65.0
CHEMBL234637,Oc1ccc([C@H]2Oc3ccccc3[C@H]3CCC[C@H]32)cc1,40.0
CHEMBL234638,Oc1ccc([C@H]2Oc3cccc(O)c3[C@H]3CCC[C@H]32)cc1,0.35
CHEMBL234639,Oc1ccc([C@H]2Oc3cc(O)ccc3[C@H]3CCC[C@H]32)cc1,41.0
CHEMBL2372060,CC[C@H](C)[C@H](NC(=O)[C@H](CCCCN)NC(=O)[C@H](Cc1c[nH]cn1)NC(=O)[C@H](CCCNC(=N)N)NC(=O)[C@H](CCC(=O)O)NC(=O)[C@@H](NC(=O)[C@@H](N)CC(C)C)[C@@H](C)O)C(=O)N[C@@H](CC(C)C)C(=O)N[C@@H](Cc1c[nH]cn1)C(=O)N[C@@H](CCCNC(=N)N)C(=O)N[C@@H](CC(C)C)C(=O)N[C@@H](CC(C)C)C(=O)N[C@@H](CCC(N)=O)C(=O)N[C@@H](CCC(=O)O)C(=O)NCC(=O)N[C@@H](CO)C(=O)N1CCC[C@H]1C(=O)N[C@@H](CO)C(=O)N[C@@H](CC(=O)O)C(=O)O,190.0
CHEMBL236496,COC(=O)C(CC1(C)CC2CCC1CC2C(C)(C)CCNC(=O)CCC(C)C)NC(=O)OCc1ccccc1,38000.0
CHEMBL391046,COC(=O)C(=CC1(C)CC2C=CC1CC2C(C)(C)CCNC(=O)CCC(C)C)C(=O)OC,7900.0
CHEMBL236495,COC(=O)C(N)CC1(C)CC2CCC1CC2C(C)(C)CCNC(=O)CCC(C)C,32000.0
CHEMBL393340,COC(=O)C(CC1(C)CC2CCC1CC2C(C)(C)CCNC(=O)CCC(C)C)C(=O)O,12000.0
CHEMBL392906,COC(=O)C(CC1(C)CC2CCC1CC2C(C)(C)CCNC(=O)CCC(C)C)C(=O)OC,7100.0
CHEMBL236045,C[C@@H]1C[C@H]2[C@@H](C1)c1cc(O)ccc1O[C@H]2c1ccc(O)cc1,3.3
CHEMBL235829,Oc1ccc([C@@H]2Oc3ccc(O)cc3[C@@H]3C[C@H](C(F)(F)F)C[C@@H]32)cc1,12.4
CHEMBL391532,Oc1ccc([C@@H]2Oc3ccc(O)cc3[C@@H]3C[C@@H](C(F)(F)F)C[C@@H]32)cc1,7.2
CHEMBL236718,Oc1ccc([C@@H]2Oc3ccc(O)cc3[C@@H]3CC(F)(F)C[C@@H]32)cc1,8.3
CHEMBL235828,O=C1CC[C@@H]2c3cc(O)ccc3O[C@H](c3ccc(O)cc3)[C@@H]2C1,410.0
CHEMBL393035,O=C1CC[C@@H]2[C@H](C1)c1cc(O)ccc1O[C@@H]2c1ccc(O)cc1,1000.0
CHEMBL278936,O=C1C[C@H]2[C@@H](C1)c1cc(O)ccc1O[C@H]2c1ccc(O)cc1,700.0
CHEMBL278703,Oc1ccc([C@@H]2Oc3ccc(O)cc3[C@@H]3CCC[C@@H]32)cc1,2.7
CHEMBL278703,Oc1ccc([C@@H]2Oc3ccc(O)cc3[C@@H]3CCC[C@@H]32)cc1,2.29
CHEMBL394338,OCc1cc(O)cc2c1O[C@@H](c1ccc(O)cc1)[C@H]1CCC[C@@H]21,147.0
CHEMBL235386,CCOCc1cc(O)cc2c1O[C@@H](c1ccc(O)cc1)[C@H]1CCC[C@@H]21,27.2
CHEMBL236086,COCc1cc(O)cc2c1O[C@@H](c1ccc(O)cc1)[C@H]1CCC[C@@H]21,11.0
CHEMBL399832,Cc1cc(O)cc2c1O[C@@H](c1ccc(O)cc1)[C@H]1CCC[C@@H]21,2.82
CHEMBL216355,Oc1ccc([C@H]2Oc3ccc(O)cc3[C@H]3CCC[C@H]32)cc1,14.5
CHEMBL278703,Oc1ccc([C@@H]2Oc3ccc(O)cc3[C@@H]3CCC[C@@H]32)cc1,2.7
CHEMBL393390,COCc1cc(O)cc2c1O[C@H](c1ccc(O)cc1)[C@@H]1CC(F)(F)C[C@H]21,198.0
CHEMBL236720,COCc1cc(O)cc2c1O[C@@H](c1ccc(O)cc1)[C@H]1CC(F)(F)C[C@@H]21,43.8
CHEMBL236718,Oc1ccc([C@@H]2Oc3ccc(O)cc3[C@@H]3CC(F)(F)C[C@@H]32)cc1,8.4
CHEMBL236086,COCc1cc(O)cc2c1O[C@@H](c1ccc(O)cc1)[C@H]1CCC[C@@H]21,11.9
CHEMBL235206,C[C@@](c1ccc(F)cc1F)(c1c[nH]c2c(NS(C)(=O)=O)cccc12)C1CC1,1100.0
CHEMBL1393,CC(=O)S[C@@H]1CC2=CC(=O)CC[C@]2(C)[C@H]2CC[C@@]3(C)[C@@H](CC[C@@]34CCC(=O)O4)[C@@H]21,1100.0
CHEMBL237122,COC(=O)[C@@H]1CC2=CC(=O)CC[C@]2(C)C2C1C1CC[C@@]3(CCC(=O)O3)[C@@]1(C)[C@H]1O[C@@H]21,1100.0
CHEMBL391439,C[C@](c1ccc(F)cc1)(c1c[nH]c2c(NS(C)(=O)=O)cccc12)C1CC1,1100.0
CHEMBL235209,C[C@@](c1ccc(F)cc1)(c1c[nH]c2c(NS(C)(=O)=O)cccc12)C1CC1,1100.0
CHEMBL135,C[C@]12CC[C@@H]3c4ccc(O)cc4CC[C@H]3[C@@H]1CC[C@@H]2O,12.0
CHEMBL399339,Cc1ccc(S(=O)(=O)Oc2ccc3c(C#CCCCCC#C[C@]4(O)CC[C@H]5[C@@H]6CCc7cc(O)ccc7[C@H]6CC[C@@]54C)c(-c4ccc(OCc5ccccc5)cc4)oc3c2)cc1,17879.0
CHEMBL399143,C[C@]12CC[C@@H]3c4ccc(O)cc4CC[C@H]3[C@@H]1CC[C@@]2(O)C#CCCCCC#Cc1cccc2c(=O)cc(-c3ccccc3)oc12,382.0
CHEMBL250520,C[C@]12CC[C@@H]3c4ccc(O)cc4CC[C@H]3[C@@H]1CC[C@@]2(O)C#CCCCCC#Cc1c(-c2ccccc2)oc2ccccc2c1=O,63052.0
CHEMBL399142,Cc1ccc(S(=O)(=O)Oc2ccc3c(C#C[C@]4(O)CC[C@H]5[C@@H]6CCc7cc(O)ccc7[C@H]6CC[C@@]54C)c(-c4ccc(OCc5ccccc5)cc4)oc3c2)cc1,332.0
CHEMBL399141,C[C@]12CC[C@@H]3c4ccc(O)cc4CC[C@H]3[C@@H]1CC[C@@]2(O)C#Cc1c(-c2ccccc2O)[nH]c2ccccc12,75.0
CHEMBL398552,COc1ccccc1-c1[nH]c2ccccc2c1C#C[C@]1(O)CC[C@H]2[C@@H]3CCc4cc(O)ccc4[C@H]3CC[C@@]21C,35.0
CHEMBL250519,C[C@]12CC[C@@H]3c4ccc(O)cc4CC[C@H]3[C@@H]1CC[C@@]2(O)C#Cc1cccc2c(=O)cc(-c3ccccc3)oc12,100.0
CHEMBL400334,C[C@]12CC[C@@H]3c4ccc(O)cc4CC[C@H]3[C@@H]1CC[C@@]2(O)C#Cc1c(-c2ccccc2)oc2ccccc2c1=O,37.0
CHEMBL405154,O/N=C/c1ccc(-c2ccc(O)cc2)c(Cl)c1O,310.0
CHEMBL451821,CN[C@@H](C(=O)N(C)[C@H]1CC[C@@]2(C)C(=CC[C@@H]3[C@@H]2CC[C@]24CN(C)[C@@H](C)[C@H]2CC[C@@H]34)C1)C(C)C,30000.0
CHEMBL493490,CC(C)CNc1cc(/C=C/c2ccccc2)nc(NCC(C)C)n1,7500.0
CHEMBL492875,CC(C)CNc1nc(CCc2ccccc2)cc(N(C)CC(C)C)n1,8400.0
CHEMBL495326,CC(C)CNc1nc(CCc2cccc3ccccc23)cc(N(C)CC(C)C)n1,2400.0
CHEMBL451143,CC(C)CCc1cc(NCC(C)C)nc(N(C)CC(C)C)n1,7200.0
CHEMBL493702,CC(C)CNc1cc(NCC(C)C)nc(Cl)n1,7500.0
CHEMBL494706,CC(C)CNc1cc(NCC(C)C)nc(NCC(C)C)n1,5700.0
CHEMBL494698,CC(C)CCc1cc(NCc2cccc3ccccc23)nc(NCC(C)C)n1,2400.0
CHEMBL494493,CC(C)CCc1cc(NCc2ccccc2)nc(NCC(C)C)n1,5800.0
CHEMBL494492,CC(C)CCc1cc(NCC(C)C)nc(NCc2cccc3ccccc23)n1,7200.0
CHEMBL494491,CC(C)CCc1cc(NCC(C)C)nc(NCc2ccccc2)n1,7900.0
CHEMBL484451,CCc1cc(NCC(C)C)nc(NCC(C)C)n1,10000.0
CHEMBL522823,CC(C)CNc1cc(CCc2cccc3ccccc23)nc(NCC(C)C)n1,2500.0
CHEMBL494121,CC(C)CCc1cc(NCc2ccccc2)nc(NCc2ccccc2)n1,4100.0
CHEMBL347927,CC(C)CCc1cc(NCC(C)C)nc(NCC(C)C)n1,2800.0
CHEMBL352024,CCCCc1cc(NCCC)nc(NCCC)n1,16000.0
CHEMBL495337,CC(C)CNc1nc(CCc2ccccc2)cc(NCc2ccccc2)n1,1700.0
CHEMBL495135,CC(C)CNc1cc(CCc2ccccc2)nc(NCc2ccccc2)n1,7600.0
CHEMBL493097,CC(C)CNc1nc(/C=C/c2ccccc2)cc(NCc2ccccc2)n1,16000.0
CHEMBL494717,CC(C)CNc1cc(CCc2ccccc2)nc(NCC(C)C)n1,5800.0
CHEMBL522206,C(=C/c1cc(NCc2ccccc2)nc(NCc2ccccc2)n1)\c1ccccc1,1000000.0
CHEMBL494319,c1ccc(CCc2cc(NCc3cccc4ccccc34)nc(NCc3cccc4ccccc34)n2)cc1,1000000.0
CHEMBL507395,CC(C)CCc1cc(NCC(C)C)nc(S(=O)(=O)CC(C)C)n1,1000000.0
CHEMBL492263,CC(C)CCc1cc(NCC(C)C)nc(SCC(C)C)n1,1000000.0
CHEMBL492262,CC(C)CCc1cc(NCC(C)C)nc(OCC(C)C)n1,1000000.0
CHEMBL495325,CC(C)CNc1nc(/C=C/c2ccccc2)cc(N(C)CC(C)C)n1,1000000.0
CHEMBL445785,CC(C)CCc1cc(N(C)CC(C)C)nc(NCC(C)C)n1,1000000.0
CHEMBL492873,CC(C)CNc1cc(CCc2ccccc2)nc(N(C)CC(C)C)n1,1000000.0
CHEMBL492874,CC(C)CNc1cc(CCc2cccc3ccccc23)nc(N(C)CC(C)C)n1,1000000.0
CHEMBL400466,CC(C)CNc1cc(/C=C/c2ccccc2)nc(N(C)CC(C)C)n1,1000000.0
CHEMBL522663,CC(C)CN(C)c1cc(CCc2ccccc2)nc(N(C)CC(C)C)n1,1000000.0
CHEMBL493904,CC(C)CN(C)c1cc(CCc2cccc3ccccc23)nc(N(C)CC(C)C)n1,1000000.0
CHEMBL492665,CC(C)CN(C)c1cc(/C=C/c2ccccc2)nc(N(C)CC(C)C)n1,1000000.0
CHEMBL449931,CC(C)CCc1cc(N(C)CC(C)C)nc(N(C)CC(C)C)n1,1000000.0
CHEMBL493701,CC(C)CNc1cc(S(=O)(=O)CC(C)C)nc(NCC(C)C)n1,1000000.0
CHEMBL470153,CC(C)CNc1cc(NCC(C)C)ncn1,1000000.0
CHEMBL443774,CC(C)CNc1cc(SCC(C)C)nc(NCC(C)C)n1,1000000.0
CHEMBL493903,CC(C)CNc1cc(OCC(C)C)nc(NCC(C)C)n1,1000000.0
CHEMBL493703,CC(C)CNc1cc(NCc2ccccc2)nc(NCC(C)C)n1,7300.0
CHEMBL522341,c1ccc(CSc2cc(SCc3ccccc3)nc(SCc3ccccc3)n2)cc1,1000000.0
CHEMBL499809,CC(C)CSc1cc(SCC(C)C)nc(SCC(C)C)n1,1000000.0
CHEMBL494912,c1ccc(COc2cc(OCc3ccccc3)nc(OCc3ccccc3)n2)cc1,1000000.0
CHEMBL493700,CC(C)COc1cc(OCC(C)C)nc(OCC(C)C)n1,1000000.0
CHEMBL523208,c1ccc(CNc2cc(NCc3ccccc3)nc(NCc3ccccc3)n2)cc1,1000000.0
CHEMBL494705,c1ccc(CCc2cc(CCc3ccccc3)nc(NCc3cccc4ccccc34)n2)cc1,1000000.0
CHEMBL521859,c1ccc(CCc2cc(CCc3ccccc3)nc(NCc3ccccc3)n2)cc1,1000000.0
CHEMBL494911,CC(C)CNc1nc(CCc2ccccc2)cc(CCc2ccccc2)n1,1000000.0
CHEMBL492657,C(=C/c1cc(/C=C/c2ccccc2)nc(NCc2cccc3ccccc23)n1)\c1ccccc1,1000000.0
CHEMBL523837,C(=C/c1cc(/C=C/c2ccccc2)nc(NCc2ccccc2)n1)\c1ccccc1,1000000.0
CHEMBL523514,CC(C)CNc1nc(/C=C/c2ccccc2)cc(/C=C/c2ccccc2)n1,1000000.0
CHEMBL494704,CC(C)CCc1cc(CCC(C)C)nc(NCc2cccc3ccccc23)n1,1000000.0
CHEMBL492454,CC(C)CCc1cc(CCC(C)C)nc(NCc2ccccc2)n1,1000000.0
CHEMBL492387,CC(C)CCc1cc(CCC(C)C)nc(NCC(C)C)n1,1000000.0
CHEMBL492453,CC(C)CCc1nc(NCc2cccc3ccccc23)cc(NCC(C)C)n1,1000000.0
CHEMBL492456,CC(C)CCc1nc(NCc2ccccc2)cc(NCC(C)C)n1,1000000.0
CHEMBL492455,CC(C)CNc1cc(NCC(C)C)nc(CCc2cccc3ccccc23)n1,1000000.0
CHEMBL493897,CC(C)CCc1nc(NCC(C)C)cc(NCC(C)C)n1,1000000.0
CHEMBL524027,c1ccc(CNc2nc(CCc3cccc4ccccc34)cc(NCc3cccc4ccccc34)n2)cc1,1000000.0
CHEMBL493896,CC(C)CNc1nc(CCc2cccc3ccccc23)cc(NCc2cccc3ccccc23)n1,1000000.0
CHEMBL493695,c1ccc(CNc2cc(CCc3cccc4ccccc34)nc(NCc3cccc4ccccc34)n2)cc1,1000000.0
CHEMBL493694,CC(C)CNc1nc(CCc2cccc3ccccc23)cc(NCc2ccccc2)n1,1000000.0
CHEMBL522172,CC(C)CNc1cc(CCc2cccc3ccccc23)nc(NCc2cccc3ccccc23)n1,1000000.0
CHEMBL493696,CC(C)CNc1cc(CCc2cccc3ccccc23)nc(NCc2ccccc2)n1,1000000.0
CHEMBL523041,CC(C)CCc1cc(NCc2cccc3ccccc23)nc(NCc2ccccc2)n1,1000000.0
CHEMBL523707,CC(C)CCc1cc(NCc2ccccc2)nc(NCc2cccc3ccccc23)n1,1000000.0
CHEMBL447755,CC(C)(C)OC(=O)N(Cc1cccc2ccccc12)c1cc(CCc2cccc3ccccc23)nc(NCc2ccccc2)n1,1000000.0
CHEMBL498951,CC(C)CNc1nc(CCc2cccc3ccccc23)cc(N(Cc2cccc3ccccc23)C(=O)OC(C)(C)C)n1,1000000.0
CHEMBL443932,CC(C)(C)OC(=O)N(Cc1ccccc1)c1cc(CCc2cccc3ccccc23)nc(NCc2cccc3ccccc23)n1,1000000.0
CHEMBL522354,CC(C)CNc1nc(CCc2cccc3ccccc23)cc(N(Cc2ccccc2)C(=O)OC(C)(C)C)n1,1000000.0
CHEMBL452996,CC(C)CN(C(=O)OC(C)(C)C)c1cc(CCc2cccc3ccccc23)nc(NCc2cccc3ccccc23)n1,1000000.0
CHEMBL492693,CC(C)CN(C(=O)OC(C)(C)C)c1cc(CCc2cccc3ccccc23)nc(NCc2ccccc2)n1,1000000.0
CHEMBL492494,CC(C)CNc1nc(CCc2cccc3ccccc23)cc(N(CC(C)C)C(=O)OC(C)(C)C)n1,1000000.0
CHEMBL492493,CC(C)CCc1cc(N(Cc2cccc3ccccc23)C(=O)OC(C)(C)C)nc(NCc2ccccc2)n1,1000000.0
CHEMBL522995,CC(C)CCc1cc(N(Cc2cccc3ccccc23)C(=O)OC(C)(C)C)nc(NCC(C)C)n1,1000000.0
CHEMBL523698,CC(C)CCc1cc(N(Cc2ccccc2)C(=O)OC(C)(C)C)nc(NCc2cccc3ccccc23)n1,1000000.0
CHEMBL523997,CC(C)CCc1cc(N(Cc2ccccc2)C(=O)OC(C)(C)C)nc(NCC(C)C)n1,1000000.0
CHEMBL492297,CC(C)CCc1cc(N(CC(C)C)C(=O)OC(C)(C)C)nc(NCc2cccc3ccccc23)n1,1000000.0
CHEMBL492485,CC(C)CCc1cc(N(CC(C)C)C(=O)OC(C)(C)C)nc(NCc2ccccc2)n1,1000000.0
CHEMBL492685,CC(C)CCc1cc(S(=O)(=O)Cc2ccccc2)nc(S(=O)(=O)Cc2ccccc2)n1,1000000.0
CHEMBL521813,CC(C)CCc1cc(S(=O)(=O)CC(C)C)nc(S(=O)(=O)CC(C)C)n1,1000000.0
CHEMBL502155,c1ccc2c(CCc3cc(NCc4cccc5ccccc45)nc(NCc4cccc5ccccc45)n3)cccc2c1,1000000.0
CHEMBL492684,c1ccc(CNc2cc(CCc3cccc4ccccc34)nc(NCc3ccccc3)n2)cc1,1000000.0
CHEMBL492483,CC(C)CCc1cc(SCc2ccccc2)nc(SCc2ccccc2)n1,1000000.0
CHEMBL494122,CC(C)CCc1cc(SCC(C)C)nc(SCC(C)C)n1,1000000.0
CHEMBL494321,CC(C)CCc1cc(OCc2ccccc2)nc(OCc2ccccc2)n1,1000000.0
CHEMBL493304,CC(C)CCc1cc(OCC(C)C)nc(OCC(C)C)n1,1000000.0
CHEMBL494320,CC(C)CCc1cc(NCc2cccc3ccccc23)nc(NCc2cccc3ccccc23)n1,1000000.0
CHEMBL495136,c1ccc(CCc2cc(NCc3cccc4ccccc34)nc(NCc3ccccc3)n2)cc1,1000000.0
CHEMBL495338,CC(C)CNc1nc(CCc2ccccc2)cc(NCc2cccc3ccccc23)n1,1000000.0
CHEMBL522542,c1ccc(CCc2cc(NCc3ccccc3)nc(NCc3cccc4ccccc34)n2)cc1,1000000.0
CHEMBL495137,CC(C)CNc1cc(CCc2ccccc2)nc(NCc2cccc3ccccc23)n1,1000000.0
CHEMBL492890,C(=C/c1cc(NCc2cccc3ccccc23)nc(NCc2cccc3ccccc23)n1)\c1ccccc1,1000000.0
CHEMBL492889,C(=C/c1cc(NCc2ccccc2)nc(NCc2cccc3ccccc23)n1)\c1ccccc1,1000000.0
CHEMBL524173,CC(C)CNc1cc(/C=C/c2ccccc2)nc(NCc2cccc3ccccc23)n1,1000000.0
CHEMBL493096,CC(C)CNc1cc(/C=C/c2ccccc2)nc(NCc2ccccc2)n1,1000000.0
CHEMBL448274,CC(C)(C)OC(=O)N(Cc1cccc2ccccc12)c1cc(CCc2ccccc2)nc(NCc2cccc3ccccc23)n1,1000000.0
CHEMBL493095,CC(C)CNc1nc(CCc2ccccc2)cc(N(Cc2ccccc2)C(=O)OC(C)(C)C)n1,1000000.0
CHEMBL522833,CC(C)CN(C(=O)OC(C)(C)C)c1cc(CCc2ccccc2)nc(NCc2ccccc2)n1,1000000.0
CHEMBL503048,CC(C)(C)OC(=O)N(Cc1cccc2ccccc12)c1cc(/C=C/c2ccccc2)nc(NCc2cccc3ccccc23)n1,1000000.0
CHEMBL493501,CC(C)CNc1nc(/C=C/c2ccccc2)cc(N(Cc2ccccc2)C(=O)OC(C)(C)C)n1,1000000.0
CHEMBL493500,O=S(=O)(Cc1ccccc1)c1cc(CCc2ccccc2)nc(S(=O)(=O)Cc2ccccc2)n1,1000000.0
CHEMBL493714,CC(C)CS(=O)(=O)c1cc(CCc2ccccc2)nc(S(=O)(=O)CC(C)C)n1,1000000.0
CHEMBL493713,c1ccc(CCc2cc(SCc3ccccc3)nc(SCc3ccccc3)n2)cc1,1000000.0
CHEMBL493502,CC(C)CSc1cc(CCc2ccccc2)nc(SCC(C)C)n1,1000000.0
CHEMBL523687,c1ccc(CCc2cc(OCc3ccccc3)nc(OCc3ccccc3)n2)cc1,1000000.0
CHEMBL522032,CC(C)COc1cc(CCc2ccccc2)nc(OCC(C)C)n1,1000000.0
CHEMBL158017,c1ccc(CCc2cc(NCc3ccccc3)nc(NCc3ccccc3)n2)cc1,1000000.0
CHEMBL494716,C(=C/c1cc(OCc2ccccc2)nc(OCc2ccccc2)n1)\c1ccccc1,1000000.0
CHEMBL523380,CC(C)COc1cc(/C=C/c2ccccc2)nc(OCC(C)C)n1,1000000.0
CHEMBL158017,c1ccc(CCc2cc(NCc3ccccc3)nc(NCc3ccccc3)n2)cc1,49000.0
CHEMBL347927,CC(C)CCc1cc(NCC(C)C)nc(NCC(C)C)n1,29000.0
CHEMBL352024,CCCCc1cc(NCCC)nc(NCCC)n1,32000.0
CHEMBL135,C[C@]12CC[C@@H]3c4ccc(O)cc4CC[C@H]3[C@@H]1CC[C@@H]2O,2.0
CHEMBL81,O=C(c1ccc(OCCN2CCCCC2)cc1)c1c(-c2ccc(O)cc2)sc2cc(O)ccc12,2.0
CHEMBL524104,COCc1cc2ccccc2c(Oc2ccc(/C=C/C(=O)O)cc2)c1-c1ccccc1,692.0
CHEMBL491235,CCCCc1cc2ccccc2c(Oc2ccc(/C=C/C(=O)O)cc2)c1-c1ccccc1,977.0
CHEMBL523138,CCCCc1cc2ccccc2c(Oc2ccc(/C=C/C(=O)O)cc2)c1-c1ccc(F)cc1,724.0
CHEMBL491236,CCCCc1cc2ccccc2c(Oc2ccc(/C=C/C(=O)O)cc2)c1-c1ccc(OC)cc1,158.0
CHEMBL491433,CCCCc1cc2ccccc2c(Oc2ccc(/C=C/C(=O)O)cc2)c1-c1ccc(O)cc1,52.0
CHEMBL490197,O=C(O)/C=C/c1ccc(Oc2c(-c3ccccc3)c(C3CC3)cc3cc(O)ccc23)cc1,60.0
CHEMBL490198,CCCCc1cc2cc(O)ccc2c(Oc2ccc(/C=C/C(=O)O)cc2)c1-c1ccccc1,4.0
CHEMBL489584,CC(C)Cc1cc2cc(O)ccc2c(Oc2ccc(/C=C/C(=O)O)cc2)c1-c1ccccc1,28.0
CHEMBL489585,CCCCCc1cc2cc(O)ccc2c(Oc2ccc(/C=C/C(=O)O)cc2)c1-c1ccccc1,2.0
CHEMBL489183,CCCCCCCCc1cc2cc(O)ccc2c(Oc2ccc(/C=C/C(=O)O)cc2)c1-c1ccccc1,55.0
CHEMBL514646,C[C@@]1(C(=O)Nc2nccs2)CC2c3ccccc3C1c1ccccc12,15000.0
CHEMBL474770,Cc1cnc(NC(=O)C2(C)CC3c4ccccc4C2c2ccccc23)s1,5000.0
CHEMBL473801,C[C@@]1(C(=O)Nc2nccs2)CC2(C#N)c3ccccc3C1c1ccccc12,26300.0
CHEMBL474189,CC12CC(C)(C(=O)Nc3nccs3)C(c3ccccc31)c1ccccc12,5000.0
CHEMBL514630,CC12CC(C)(C(=O)Nc3nncs3)C(c3ccccc31)c1ccccc12,5000.0
CHEMBL1087884,CC(C)CNc1cc(CC(C)C)nc(NCC(C)C)n1,29000.0
CHEMBL1087252,CC(C)Cc1cc(O)c(=O)n(Cc2ccc3ccccc3c2)c1-c1ccnc(Cc2ccccc2)c1,4200.0
CHEMBL1276308,CC#C[C@]1(O)CC[C@H]2[C@@H]3CCC4=CC(=O)CCC4=C3[C@@H](c3ccc(N(C)C)cc3)C[C@@]21C,10000.0
CHEMBL1163598,Cc1ccc(C(=O)CC(Nc2ccc([N+](=O)[O-])cc2)c2cccc(F)c2)cc1,10000.0
CHEMBL569766,CC(=O)c1ccc2c(c1)[C@@H]1C=CC[C@@H]1[C@H](c1cc3c(cc1Br)OCO3)N2,10000.0
CHEMBL1213617,O=C(N1CCc2cc(O)ccc2C1)C(F)(F)F,2.0
CHEMBL135,C[C@]12CC[C@@H]3c4ccc(O)cc4CC[C@H]3[C@@H]1CC[C@@H]2O,0.16
CHEMBL83,CC/C(=C(\c1ccccc1)c1ccc(OCCN(C)C)cc1)c1ccccc1,31.19
CHEMBL1213783,CC/C(=C(\c1ccccc1)c1ccc(OCC[N+](C)(C)C)cc1)c1ccccc1.[I-],46.29
CHEMBL1213784,CC/C(=C(\c1ccccc1)c1ccc(OCC[N+](C)(C)CC)cc1)c1ccccc1.[Br-],13.66
CHEMBL1213785,CC/C(=C(\c1ccccc1)c1ccc(OCC[N+](C)(C)C(C)C)cc1)c1ccccc1.[Br-],25.43
CHEMBL1213786,CCCC[N+](C)(C)CCOc1ccc(/C(=C(/CC)c2ccccc2)c2ccccc2)cc1.[Br-],13.01
CHEMBL135,C[C@]12CC[C@@H]3c4ccc(O)cc4CC[C@H]3[C@@H]1CC[C@@H]2O,0.3
CHEMBL569766,CC(=O)c1ccc2c(c1)[C@@H]1C=CC[C@@H]1[C@H](c1cc3c(cc1Br)OCO3)N2,10000.0
CHEMBL1222307,CC(=O)c1ccc2c(c1)[C@@H]1C=CC[C@@H]1[C@@H](c1cc3c(cc1Br)OCO3)N2,10000.0
CHEMBL131,C[C@]12C[C@H](O)[C@H]3[C@@H](CCC4=CC(=O)C=C[C@@]43C)[C@@H]1CC[C@]2(O)C(=O)CO,5000.0
CHEMBL1801012,CC(C)(C(=O)Nc1nccs1)[C@@H](c1ccccc1)c1ccc(O)cc1,100000.0
CHEMBL1801008,CC(C)(C(=O)Nc1nccs1)[C@@H](c1ccccc1)c1ccc(O)c(F)c1,50000.0
CHEMBL1801006,CC(C)(C(=O)Nc1nccs1)[C@@H](c1ccccc1)c1ccc(O)c(Br)c1,50000.0
CHEMBL1800981,CC(C)(C(=O)Nc1nncs1)[C@@H](c1ccccc1)c1ccc(O)c(F)c1,50000.0
CHEMBL1800984,CC(C)(C(=O)Nc1nccs1)[C@H]1c2ccccc2Oc2cc(O)ccc21,2300.0
CHEMBL1800985,CC(C)(C(=O)Nc1nncs1)[C@H]1c2ccccc2Oc2cc(O)ccc21,5500.0
CHEMBL319244,O=C(/C=C/c1ccc(O)c(O)c1)OCCc1ccccc1,2260.0
CHEMBL135,C[C@]12CC[C@@H]3c4ccc(O)cc4CC[C@H]3[C@@H]1CC[C@@H]2O,0.459
CHEMBL282575,C[C@]12CC[C@@H]3c4ccc(OC(=O)c5ccccc5)cc4CC[C@H]3[C@@H]1CC[C@@H]2O,18.0
CHEMBL418971,CC(C)(c1ccc(O)cc1)c1ccc(O)cc1,649.0
CHEMBL153062,CCCCCCCCCc1ccc(O)cc1,108.0
CHEMBL195437,CCCCCCCCc1ccc(O)cc1,7907.0
CHEMBL193482,C[C@]12CC[C@@H]3c4ccc(O)cc4CC[C@H]3[C@@H]1C[C@@H](O)[C@@H]2O,0.483
CHEMBL1405,C[C@]12CC[C@@H]3c4ccc(O)cc4CC[C@H]3[C@@H]1CCC2=O,2.185
CHEMBL1200623,CC[C@]1(O)CC[C@H]2[C@@H]3CCC4=CCCC[C@@H]4[C@H]3CC[C@@]21C,320.0
CHEMBL691,C#C[C@]1(O)CC[C@H]2[C@@H]3CCc4cc(O)ccc4[C@H]3CC[C@@]21C,0.128
CHEMBL44,O=c1c(-c2ccc(O)cc2)coc2cc(O)cc(O)c12,39.0
CHEMBL411,CC/C(=C(/CC)c1ccc(O)cc1)c1ccc(O)cc1,0.261
CHEMBL954,CCN(CC)CCOc1ccc(/C(=C(/Cl)c2ccccc2)c2ccccc2)cc1,1.304
CHEMBL1479,C#C[C@]1(O)CC[C@H]2[C@@H]3CCC4=Cc5oncc5C[C@]4(C)[C@H]3CC[C@@]21C,5083.0
CHEMBL1162,C#C[C@]1(O)CC[C@H]2[C@@H]3CCC4=CC(=O)CC[C@@H]4[C@H]3CC[C@@]21C,231.0
CHEMBL1201151,C#C[C@]1(O)CC[C@H]2[C@@H]3CCc4cc(OC)ccc4[C@H]3CC[C@@]21C,5.223
CHEMBL1276308,CC#C[C@]1(O)CC[C@H]2[C@@H]3CCC4=CC(=O)CCC4=C3[C@@H](c3ccc(N(C)C)cc3)C[C@@]21C,6754.0
CHEMBL2079587,C[C@]12Cc3c[nH]nc3C[C@@H]1CC[C@@H]1[C@@H]2CC[C@@]2(C)[C@H]1CC[C@]2(C)O,32.0
CHEMBL2103774,C#C[C@]1(O)CC[C@H]2[C@H]3[C@H](CC[C@@]21C)C1=C(CC(=O)CC1)C[C@H]3C,123.8
CHEMBL81,O=C(c1ccc(OCCN2CCCCC2)cc1)c1c(-c2ccc(O)cc2)sc2cc(O)ccc12,0.158
CHEMBL131,C[C@]12C[C@H](O)[C@H]3[C@@H](CCC4=CC(=O)C=C[C@@]43C)[C@@H]1CC[C@]2(O)C(=O)CO,5000.0
CHEMBL1911270,CN(C)C(=O)c1ccc(-c2ccc3c(n2)Oc2ccccc2[C@@H]3C(C)(C)C(=O)Nc2nncs2)cc1,75000.0
CHEMBL4296682,CCN(C)C(=O)c1ccc(-c2ccc3c(n2)Oc2ccccc2[C@@H]3C(C)(C)C(=O)Nc2nncs2)cc1F,75000.0
CHEMBL1911272,CN(C)C(=O)c1ccc(-c2ccc3c(n2)Oc2ccccc2[C@H]3C(C)(C)C(=O)Nc2nncs2)cc1F,75000.0
CHEMBL1800985,CC(C)(C(=O)Nc1nncs1)[C@H]1c2ccccc2Oc2cc(O)ccc21,5500.0
CHEMBL1801012,CC(C)(C(=O)Nc1nccs1)[C@@H](c1ccccc1)c1ccc(O)cc1,100000.0
CHEMBL2036560,C[C@]12C[C@H](c3ccc(OCCOCCOCCn4cc(CNC5=CC(=O)c6ccccc6C5=O)nn4)cc3)[C@@H]3c4ccc(O)cc4CC[C@H]3[C@@H]1CC[C@@H]2O,1.1
CHEMBL2036418,C[C@]12C[C@H](c3ccc(OCCOCCOCCN=[N+]=[N-])cc3)[C@@H]3c4ccc(O)cc4CC[C@H]3[C@@H]1CC[C@@H]2O,2.4
CHEMBL1628190,CN(C)CCOc1ccc([C@H]2C[C@]3(C)[C@@H](O)CC[C@H]3[C@@H]3CCc4cc(O)ccc4[C@@H]23)cc1,41.5
CHEMBL2036561,C[C@]12C[C@H](c3ccc(OCCCCCS(=O)(=O)C(F)(F)C(F)(F)F)cc3)[C@@H]3c4ccc(O)cc4CC[C@H]3[C@@H]1CC[C@@H]2O,5.3
CHEMBL81,O=C(c1ccc(OCCN2CCCCC2)cc1)c1c(-c2ccc(O)cc2)sc2cc(O)ccc12,0.37
CHEMBL2137046,CCC(=C(c1ccc(O)cc1)c1ccc(OCCN(C)C)cc1)c1ccccc1,0.39
CHEMBL46937,CCCCc1ccc(-c2sc3cc(O)ccc3c2C(=O)c2ccc(OCCN3CCCCC3)cc2)cc1,0.25
CHEMBL81,O=C(c1ccc(OCCN2CCCCC2)cc1)c1c(-c2ccc(O)cc2)sc2cc(O)ccc12,0.38
CHEMBL46937,CCCCc1ccc(-c2sc3cc(O)ccc3c2C(=O)c2ccc(OCCN3CCCCC3)cc2)cc1,0.25
CHEMBL411,CC/C(=C(/CC)c1ccc(O)cc1)c1ccc(O)cc1,0.22
CHEMBL3315061,CC(C)(C(=O)NC(N)=O)[C@@H]1c2ccc(-c3ccc(C(=O)N4CCOCC4)cc3)nc2Oc2c(F)cccc21,75000.0
CHEMBL3315062,CC(C)(C(=O)Nc1nncs1)[C@@H]1c2ccc(-c3ccc(C(=O)N4CCOCC4)cc3)nc2Oc2c(F)cccc21,75000.0
CHEMBL3589346,O=S(=O)(Oc1ccccc1)[C@H]1C[C@H]2O[C@@H]1C(c1ccc(O)cc1)=C2c1ccc(O)cc1,21.53
CHEMBL3589347,COC(=O)CCCCCCC(=O)Nc1ccc(OS(=O)(=O)C2CC3OC2C(c2ccc(O)cc2)=C3c2ccc(O)cc2)cc1,59.86
CHEMBL3589348,COC(=O)CCCCCCC(=O)Nc1cccc(OS(=O)(=O)C2CC3OC2C(c2ccc(O)cc2)=C3c2ccc(O)cc2)c1,71.1
CHEMBL3589349,O=C(O)CCCCCCC(=O)Nc1ccc(OS(=O)(=O)C2CC3OC2C(c2ccc(O)cc2)=C3c2ccc(O)cc2)cc1,25.0
CHEMBL3589350,O=C(O)CCCCCCC(=O)Nc1cccc(OS(=O)(=O)C2CC3OC2C(c2ccc(O)cc2)=C3c2ccc(O)cc2)c1,56.57
CHEMBL3589351,O=C(CCCCCCC(=O)Nc1ccc(OS(=O)(=O)C2CC3OC2C(c2ccc(O)cc2)=C3c2ccc(O)cc2)cc1)NO,147.62
CHEMBL3588865,O=C(O)CCCCCCC(=O)Nc1ccc(C2=C(c3ccc(O)cc3)C3CC(S(=O)(=O)Oc4ccccc4)C2O3)cc1,111.91
CHEMBL3589352,Cc1ccc(OS(=O)(=O)C2CC3OC2C(c2ccc(NC(=O)CCCCCCC(=O)O)cc2)=C3c2ccc(O)cc2)cc1,182.35
CHEMBL3589353,Cc1cccc(OS(=O)(=O)C2CC3OC2C(c2ccc(NC(=O)CCCCCCC(=O)O)cc2)=C3c2ccc(O)cc2)c1,80.52
CHEMBL3589354,COc1ccc(OS(=O)(=O)C2CC3OC2C(c2ccc(NC(=O)CCCCCCC(=O)O)cc2)=C3c2ccc(O)cc2)cc1,2384.62
CHEMBL3589355,COc1cccc(OS(=O)(=O)C2CC3OC2C(c2ccc(NC(=O)CCCCCCC(=O)O)cc2)=C3c2ccc(O)cc2)c1,4428.57
CHEMBL3589356,Cc1ccccc1OS(=O)(=O)C1CC2OC1C(c1ccc(NC(=O)CCCCCCC(=O)O)cc1)=C2c1ccc(O)cc1,104.02
CHEMBL3589357,O=C(O)CCCCCCC(=O)Nc1ccc(C2=C(c3ccc(O)cc3)C3CC(S(=O)(=O)Oc4cccc(O)c4)C2O3)cc1,81.36
CHEMBL3589358,O=C(O)CCCCCCC(=O)Nc1ccc(C2=C(c3ccc(O)cc3)C3CC(S(=O)(=O)Oc4ccc(O)cc4)C2O3)cc1,133.05
CHEMBL3589359,COc1ccccc1OS(=O)(=O)C1CC2OC1C(c1ccc(NC(=O)CCCCCCC(=O)O)cc1)=C2c1ccc(O)cc1,158.97
CHEMBL3589360,O=C(O)CCCCCCC(=O)Nc1ccc(C2=C(c3ccc(O)cc3)C3CC(S(=O)(=O)Oc4ccc(F)cc4)C2O3)cc1,92.26
CHEMBL3589361,O=C(O)CCCCCCC(=O)Nc1ccc(C2=C(c3ccc(O)cc3)C3CC(S(=O)(=O)Oc4ccccc4O)C2O3)cc1,1192.3
CHEMBL3589362,O=C(O)CCCCCCC(=O)Nc1ccc(C2=C(c3ccc(O)cc3)C3CC(S(=O)(=O)Oc4ccc(Cl)cc4)C2O3)cc1,126.02
CHEMBL3589363,O=C(O)CCCCCCC(=O)Nc1ccc(C2=C(c3ccc(O)cc3)C3CC(S(=O)(=O)Oc4ccc(Br)cc4)C2O3)cc1,125.51
CHEMBL3589364,O=C(O)CCCCCCC(=O)Nc1ccc(C2=C(c3ccc(O)cc3)C3CC(S(=O)(=O)Oc4ccc(C(F)(F)F)cc4)C2O3)cc1,1722.22
CHEMBL3589365,O=C(O)CCCCCCC(=O)Nc1ccc(C2=C(c3ccc(O)cc3)C3CC(S(=O)(=O)Oc4ccccc4C(F)(F)F)C2O3)cc1,3875.0
CHEMBL3589366,Cc1cccc(C)c1OS(=O)(=O)C1CC2OC1C(c1ccc(NC(=O)CCCCCCC(=O)O)cc1)=C2c1ccc(O)cc1,5000.0
CHEMBL3589367,O=C(O)CCCCCCC(=O)Nc1ccc(C2=C(c3ccc(O)cc3)C3CC(S(=O)(=O)Oc4cccc5ccccc45)C2O3)cc1,121.57
CHEMBL3589368,O=C(O)CCCCCCC(=O)Nc1ccc(C2=C(c3ccc(O)cc3)C3CC(S(=O)(=O)Oc4ccc5ccccc5c4)C2O3)cc1,169.4
CHEMBL3589369,O=C(CCCCCCC(=O)Nc1ccc(C2=C(c3ccc(O)cc3)C3CC(S(=O)(=O)Oc4ccccc4)C2O3)cc1)NO,5000.0
CHEMBL3589694,Cc1ccc(OS(=O)(=O)C2CC3OC2C(c2ccc(NC(=O)CCCCCCC(=O)NO)cc2)=C3c2ccc(O)cc2)cc1,5000.0
CHEMBL3589695,Cc1cccc(OS(=O)(=O)C2CC3OC2C(c2ccc(NC(=O)CCCCCCC(=O)NO)cc2)=C3c2ccc(O)cc2)c1,4428.57
CHEMBL3589696,Cc1ccccc1OS(=O)(=O)C1CC2OC1C(c1ccc(NC(=O)CCCCCCC(=O)NO)cc1)=C2c1ccc(O)cc1,5000.0
CHEMBL3589697,COc1ccccc1OS(=O)(=O)C1CC2OC1C(c1ccc(NC(=O)CCCCCCC(=O)NO)cc1)=C2c1ccc(O)cc1,5000.0
CHEMBL3589698,O=C(CCCCCCC(=O)Nc1ccc(C2=C(c3ccc(O)cc3)C3CC(S(=O)(=O)Oc4ccc(F)cc4)C2O3)cc1)NO,5000.0
CHEMBL3589699,O=C(CCCCCCC(=O)Nc1ccc(C2=C(c3ccc(O)cc3)C3CC(S(=O)(=O)Oc4ccc(Br)cc4)C2O3)cc1)NO,5000.0
CHEMBL3589700,O=C(CCCCCCC(=O)Nc1ccc(C2=C(c3ccc(O)cc3)C3CC(S(=O)(=O)Oc4cccc5ccccc45)C2O3)cc1)NO,5000.0
CHEMBL3589701,O=C(CCCCCCC(=O)Nc1ccc(C2=C(c3ccc(O)cc3)C3CC(S(=O)(=O)Oc4ccc5ccccc5c4)C2O3)cc1)NO,306.93
CHEMBL3645268,Oc1ccc(CN(c2ccc(O)cc2)c2ccc(F)cc2)cc1,13.0
CHEMBL3645264,Cc1cccc(CN(c2ccc(O)cc2)c2ccc(O)cc2)c1C,3.81
CHEMBL3645263,CCCc1ccc(C(=O)N(c2ccc(O)cc2)c2ccc(O)cc2)cc1,3.75
CHEMBL3645267,O=C(c1ccc(O)c(F)c1)N(c1ccc(O)cc1)c1ccc(O)cc1,6.06
CHEMBL1627464,C#C[C@]1(O)CC[C@H]2[C@@H]3CCc4cc(O)ccc4[C@H]3CCC21C,0.23
CHEMBL3645266,O=C(c1ccc2ccccc2c1)N(c1ccc(O)cc1)c1ccc(O)cc1,9.0
CHEMBL1627464,C#C[C@]1(O)CC[C@H]2[C@@H]3CCc4cc(O)ccc4[C@H]3CCC21C,0.23
CHEMBL3645269,O=C(c1ccc(F)cc1C(F)(F)F)N(c1ccc(O)cc1)c1ccc(OCCN2CCCCC2)cc1,14.79
CHEMBL3645270,O=C(c1ccc(O)c(F)c1)N(c1ccccc1)c1ccc(O)cc1,15.0
CHEMBL135,C[C@]12CC[C@@H]3c4ccc(O)cc4CC[C@H]3[C@@H]1CC[C@@H]2O,0.21
CHEMBL1230314,C[C@]12CC[C@@H]3c4ccc(O)cc4CC[C@H]3[C@@H]1[C@@H](O)[C@@H](O)[C@@H]2O,4.9
CHEMBL3645271,Cc1c(F)cccc1C(=O)N(c1ccc(O)cc1)c1ccc(O)cc1,15.12
CHEMBL3545017,O=C(c1ccc(O)c(F)c1)N(c1ccc(O)cc1)c1ccc(F)cc1,21.7
CHEMBL1230314,C[C@]12CC[C@@H]3c4ccc(O)cc4CC[C@H]3[C@@H]1[C@@H](O)[C@@H](O)[C@@H]2O,4.9
CHEMBL3645265,Cc1cccc(C(=O)N(c2ccc(O)cc2)c2ccc(O)cc2)c1C,7.13
CHEMBL135,C[C@]12CC[C@@H]3c4ccc(O)cc4CC[C@H]3[C@@H]1CC[C@@H]2O,0.21
CHEMBL81,O=C(c1ccc(OCCN2CCCCC2)cc1)c1c(-c2ccc(O)cc2)sc2cc(O)ccc12,0.43
CHEMBL1189544,O=C(c1ccc(OCCN2CCCCC2)cc1)c1c(-c2ccccc2)sc2ccccc12,10000.0
CHEMBL431698,Oc1ccc(-c2cc3ccc(O)cc3s2)cc1,4.1
CHEMBL3581693,CC/C(=C(/c1ccc(/C=C/C(=O)O)cc1)c1ccc2[nH]ncc2c1)c1ccc(F)cc1Cl,0.37
CHEMBL4092208,Cc1ccccc1C(=O)c1sc2cc(O)ccc2c1Oc1ccc(/C=C/C(=O)O)cc1,1.29
CHEMBL4098867,Cc1cc(F)ccc1C(=O)c1sc2cc(O)ccc2c1Oc1ccc(/C=C/C(=O)O)cc1,0.65
CHEMBL4070169,Cc1ccc(C(=O)c2sc3cc(O)ccc3c2Oc2ccc(/C=C/C(=O)O)cc2)c(C)c1,0.5
CHEMBL4094499,Cc1cccc(C)c1C(=O)c1sc2cc(O)ccc2c1Oc1ccc(/C=C/C(=O)O)cc1,2.0
CHEMBL4059888,Cc1cc(F)cc(C)c1C(=O)c1sc2cc(O)ccc2c1Oc1ccc(/C=C/C(=O)O)cc1,0.73
CHEMBL4081807,Cc1cc(Cl)cc(C)c1C(=O)c1sc2cc(O)ccc2c1Oc1ccc(/C=C/C(=O)O)cc1,0.57
CHEMBL4065838,O=C(/C=C/c1ccc(C(=C2C3CC4CC(C3)CC2C4)c2ccc(O)cc2)cc1)N(CCO)CCO,0.13
CHEMBL4099302,CN(CCO)C(=O)/C=C/c1ccc(C(=C2C3CC4CC(C3)CC2C4)c2ccc(O)cc2)cc1,0.37
CHEMBL4081283,CCCCN(C)C(=O)/C=C/c1ccc(C(=C2C3CC4CC(C3)CC2C4)c2ccc(O)cc2)cc1,0.71
CHEMBL4091563,O=C(/C=C/c1ccc(C(=C2C3CC4CC(C3)CC2C4)c2ccc(O)cc2)cc1)NCC(F)(F)F,1.33
CHEMBL4070669,CN(C)CCNC(=O)/C=C/c1ccc(C(=C2C3CC4CC(C3)CC2C4)c2ccc(O)cc2)cc1,0.35
CHEMBL4083780,NCCCCNC(=O)/C=C/c1ccc(C(=C2C3CC4CC(C3)CC2C4)c2ccc(O)cc2)cc1,0.32
CHEMBL4062045,NCCCNC(=O)/C=C/c1ccc(C(=C2C3CC4CC(C3)CC2C4)c2ccc(O)cc2)cc1,0.37
CHEMBL4073395,NCCNC(=O)/C=C/c1ccc(C(=C2C3CC4CC(C3)CC2C4)c2ccc(O)cc2)cc1,0.57
CHEMBL4100247,O=C(/C=C/c1ccc(C(=C2C3CC4CC(C3)CC2C4)c2ccc(O)cc2)cc1)NCCCCCO,0.65
CHEMBL4102857,O=C(/C=C/c1ccc(C(=C2C3CC4CC(C3)CC2C4)c2ccc(O)cc2)cc1)NCCCCO,0.36
CHEMBL4078577,O=C(/C=C/c1ccc(C(=C2C3CC4CC(C3)CC2C4)c2ccc(O)cc2)cc1)NCCCO,0.43
CHEMBL4060067,O=C(/C=C/c1ccc(C(=C2C3CC4CC(C3)CC2C4)c2ccc(O)cc2)cc1)NCCO,0.18
CHEMBL4081969,CCCCCNC(=O)/C=C/c1ccc(C(=C2C3CC4CC(C3)CC2C4)c2ccc(O)cc2)cc1,0.74
CHEMBL4098470,CCCCNC(=O)/C=C/c1ccc(C(=C2C3CC4CC(C3)CC2C4)c2ccc(O)cc2)cc1,0.71
CHEMBL4071436,CCCNC(=O)/C=C/c1ccc(C(=C2C3CC4CC(C3)CC2C4)c2ccc(O)cc2)cc1,1.1
CHEMBL4079530,NC(=O)/C=C/c1ccc(C(=C2C3CC4CC(C3)CC2C4)c2ccc(O)cc2)cc1,0.27
CHEMBL4097562,CCCNS(=O)(=O)/C=C/c1ccc(C(=C2C3CC4CC(C3)CC2C4)c2ccc(O)cc2)cc1,0.38
CHEMBL4068722,N#C/C=C/c1ccc(C(=C2C3CC4CC(C3)CC2C4)c2ccc(O)cc2)cc1,1.4
CHEMBL4089824,O=C(/C=C/c1ccc(C(=C2C3CC4CC(C3)CC2C4)c2ccc(O)cc2)cc1)OCCCCO,0.45
CHEMBL4098232,O=C(/C=C/c1ccc(C(=C2C3CC4CC(C3)CC2C4)c2ccc(O)cc2)cc1)OCCCO,0.71
CHEMBL4079644,O=C(/C=C/c1ccc(C(=C2C3CC4CC(C3)CC2C4)c2ccc(O)cc2)cc1)OCCO,0.37
CHEMBL4072205,CC(C)CCCCCOC(=O)/C=C/c1ccc(C(=C2C3CC4CC(C3)CC2C4)c2ccc(O)cc2)cc1,7.1
CHEMBL4099166,CCCCOC(=O)/C=C/c1ccc(C(=C2C3CC4CC(C3)CC2C4)c2ccc(O)cc2)cc1,1.8
CHEMBL4082698,CCOC(=O)/C=C/c1ccc(C(=C2C3CC4CC(C3)CC2C4)c2ccc(O)cc2)cc1,3.3
CHEMBL4060817,COC(=O)/C=C/c1ccc(C(=C2C3CC4CC(C3)CC2C4)c2ccc(O)cc2)cc1,0.43
CHEMBL4101656,CCCCCC(=O)/C=C/c1ccc(C(=C2C3CC4CC(C3)CC2C4)c2ccc(O)cc2)cc1,1.7
CHEMBL4083658,O=C(O)/C=C/c1ccc(C(=C2C3CC4CC(C3)CC2C4)c2ccc(O)cc2)cc1,0.4
CHEMBL1091535,CCC(=C(c1ccc(O)cc1)c1ccc(/C=C/C(=O)O)cc1)c1ccccc1,1.0
CHEMBL4171598,Oc1ccc2c(c1)C(c1ccc(OCCN3CCCCC3)cc1)c1c(sc3cc(O)ccc13)C2,0.5
CHEMBL4214230,COc1cc(/C=C/c2ccc(C3=C(c4ccc(O)cc4)C4CC(S(=O)(=O)Oc5ccccc5)C3O4)cc2)cc(OC)c1,10000.0
CHEMBL4206696,COc1cc(/C=C/c2ccc(C3=C(c4ccc(O)cc4)C4CC(S(=O)(=O)Oc5ccc(Br)cc5)C3O4)cc2)cc(OC)c1,10000.0
CHEMBL4218435,COc1cc(/C=C/c2ccc(C3=C(c4ccc(O)cc4)C4CC(S(=O)(=O)Oc5cccc(OC)c5)C3O4)cc2)cc(OC)c1,249.29
CHEMBL4208076,CCc1ccccc1OS(=O)(=O)C1CC2OC1C(c1ccc(/C=C/c3cc(OC)cc(OC)c3)cc1)=C2c1ccc(O)cc1,53.28
CHEMBL4212982,O=S(=O)(Oc1ccccc1)C1CC2OC1C(c1ccc(/C=C/c3cc(O)cc(O)c3)cc1)=C2c1ccc(O)cc1,62.1
CHEMBL4203715,O=S(=O)(Oc1ccc(Br)cc1)C1CC2OC1C(c1ccc(/C=C/c3cc(O)cc(O)c3)cc1)=C2c1ccc(O)cc1,119.52
CHEMBL4208593,COc1cccc(OS(=O)(=O)C2CC3OC2C(c2ccc(/C=C/c4cc(O)cc(O)c4)cc2)=C3c2ccc(O)cc2)c1,62.43
CHEMBL4216877,O=S(=O)(Oc1ccc(F)cc1)C1CC2OC1C(c1ccc(/C=C/c3cc(O)cc(O)c3)cc1)=C2c1ccc(O)cc1,159.36
CHEMBL4205171,O=S(=O)(Oc1ccc(Cl)cc1)C1CC2OC1C(c1ccc(/C=C/c3cc(O)cc(O)c3)cc1)=C2c1ccc(O)cc1,72.71
CHEMBL4212447,O=S(=O)(Oc1ccccc1Cl)C1CC2OC1C(c1ccc(/C=C/c3cc(O)cc(O)c3)cc1)=C2c1ccc(O)cc1,107.38
CHEMBL4217406,Cc1ccccc1OS(=O)(=O)C1CC2OC1C(c1ccc(/C=C/c3cc(O)cc(O)c3)cc1)=C2c1ccc(O)cc1,52.01
CHEMBL4209027,O=S(=O)(Oc1ccccc1C(F)(F)F)C1CC2OC1C(c1ccc(/C=C/c3cc(O)cc(O)c3)cc1)=C2c1ccc(O)cc1,498.57
CHEMBL4213948,O=S(=O)(Oc1cccc(C(F)(F)F)c1)C1CC2OC1C(c1ccc(/C=C/c3cc(O)cc(O)c3)cc1)=C2c1ccc(O)cc1,51.32
CHEMBL4210242,O=S(=O)(Oc1ccc(-c2ccccc2)cc1)C1CC2OC1C(c1ccc(/C=C/c3cc(O)cc(O)c3)cc1)=C2c1ccc(O)cc1,153.07
CHEMBL4205342,O=S(=O)(Oc1cccc(Cl)c1)C1CC2OC1C(c1ccc(/C=C/c3cc(O)cc(O)c3)cc1)=C2c1ccc(O)cc1,149.15
CHEMBL4214635,O=S(=O)(Oc1cccc(O)c1)C1CC2OC1C(c1ccc(/C=C/c3cc(O)cc(O)c3)cc1)=C2c1ccc(O)cc1,240.69
CHEMBL4209719,Cc1cccc(OS(=O)(=O)C2CC3OC2C(c2ccc(/C=C/c4cc(O)cc(O)c4)cc2)=C3c2ccc(O)cc2)c1,168.6
CHEMBL4202433,O=S(=O)(Oc1ccc(O)cc1)C1CC2OC1C(c1ccc(/C=C/c3cc(O)cc(O)c3)cc1)=C2c1ccc(O)cc1,116.72
CHEMBL4214125,O=S(=O)(Oc1cccc(Br)c1)C1CC2OC1C(c1ccc(/C=C/c3cc(O)cc(O)c3)cc1)=C2c1ccc(O)cc1,29.7
CHEMBL4206798,Cc1ccc(OS(=O)(=O)C2CC3OC2C(c2ccc(/C=C/c4cc(O)cc(O)c4)cc2)=C3c2ccc(O)cc2)cc1,10.51
CHEMBL4218543,O=S(=O)(Oc1cccc2ccccc12)C1CC2OC1C(c1ccc(/C=C/c3cc(O)cc(O)c3)cc1)=C2c1ccc(O)cc1,211.52
CHEMBL4211163,O=S(=O)(Oc1ccccc1)C1CC2OC1C(c1ccc(/C=C/c3ccccc3)cc1)=C2c1ccc(O)cc1,129.74
CHEMBL4206281,COc1cc(/C=C/c2ccc(OS(=O)(=O)C3CC4OC3C(c3ccc(O)cc3)=C4c3ccc(O)cc3)cc2)cc(OC)c1,34.87
CHEMBL4203290,O=S(=O)(Oc1ccc(/C=C/c2ccccc2)cc1)C1CC2OC1C(c1ccc(O)cc1)=C2c1ccc(O)cc1,40.77
CHEMBL4214942,COc1cc(/C=C/c2cccc(OS(=O)(=O)C3CC4OC3C(c3ccc(O)cc3)=C4c3ccc(O)cc3)c2)cc(OC)c1,251.08
CHEMBL4215467,O=S(=O)(Oc1cccc(/C=C/c2cc(O)cc(O)c2)c1)C1CC2OC1C(c1ccc(O)cc1)=C2c1ccc(O)cc1,634.55
CHEMBL4210525,O=S(=O)(Oc1ccc(/C=C/c2cc(O)cc(O)c2)cc1)C1CC2OC1C(c1ccc(O)cc1)=C2c1ccc(O)cc1,88.13
CHEMBL4207109,O=S(=O)(Oc1ccccc1)[C@H]1C[C@@H]2O[C@@H]1C(c1ccc(O)cc1)=C2c1ccc(O)cc1,43.03
CHEMBL347927,CC(C)CCc1cc(NCC(C)C)nc(NCC(C)C)n1,30000.0
CHEMBL4240100,CC[C@H](C)[C@@H]1NC(=O)[C@H](NC(=O)[C@@H](N)CCCNC(=N)N)CSSC[C@H](C(=O)N[C@@H](CCCNC(=N)N)C(=O)N[C@@H](CC(C)(C)C)C(=O)N[C@@H](CC(C)C)C(=O)N[C@@H](CCC(N)=O)C(N)=O)NC(=O)[C@H](CC(C)C)NC1=O,0.07
CHEMBL4250610,CC[C@H](C)[C@@H]1NC(=O)[C@H](NC(=O)[C@@H](N)CCCNC(=N)N)CSSC[C@H](C(=O)N[C@@H](CCCNC(=N)N)C(=O)N[C@@H](CC(C)C)C(=O)N[C@@H](CC(C)C)C(=O)N[C@@H](CCC(N)=O)C(N)=O)NC(=O)[C@H](CC(C)C)NC1=O,11.0
CHEMBL4246022,CC[C@H](C)[C@@H]1NC(=O)[C@H](NC(=O)[C@@H](N)CCCCN)CSSC[C@H](C(=O)N[C@@H](CCCNC(=N)N)C(=O)N[C@@H](CC(C)C)C(=O)N[C@@H](CC(C)C)C(=O)N[C@@H](CCC(N)=O)C(N)=O)NC(=O)[C@H](CC(C)C)NC1=O,25.0
CHEMBL4244604,CSCC[C@H](NC(=O)[C@H](CC(C)C)NC(=O)[C@H](CC(C)C)NC(=O)[C@@H]1CCCN1C(=O)[C@@H](N)Cc1cnc[nH]1)C(=O)N[C@@H](CCCNC(=N)N)C(=O)N[C@@H](CC(C)C)C(=O)N[C@@H](CC(C)C)C(=O)N[C@@H](CC(C)C)C(=O)N[C@@H](CO)C(=O)N1CCC[C@H]1C(N)=O,185.0
CHEMBL4250780,CSCC[C@H](NC(=O)[C@H](CC(C)C)NC(=O)[C@H](CC(C)C)NC(=O)[C@@H]1CCCN1C(=O)[C@@H](N)Cc1cnc[nH]1)C(=O)N[C@@H](CCCNC(=N)N)C(=O)N[C@@H](CC(C)C)C(=O)N[C@@H](CC(C)C)C(=O)N[C@@H](Cc1cnc[nH]1)C(=O)N[C@@H](Cc1cnc[nH]1)C(=O)N1CCC[C@H]1C(=O)N[C@@H](CO)C(N)=O,1541.0
CHEMBL4250447,CC[C@H](C)[C@@H]1NC(=O)[C@H](NC(=O)[C@@H](N)CCCNC(=N)N)CCSC[C@@H](C(=O)N[C@@H](CCCNC(=N)N)C(=O)N[C@@H](CC(C)C)C(=O)N[C@@H](CC(C)C)C(=O)N[C@@H](CCC(N)=O)C(N)=O)NC(=O)[C@H](CC(C)C)NC1=O,6.9
CHEMBL520107,Cc1c(-c2ccc(O)cc2)nn(-c2ccc(O)cc2)c1-c1ccc(OCCN2CCCCC2)cc1,2.7
CHEMBL4526659,CC[C@H](C)[C@@H]1NC(=O)[C@H](NC(=O)[C@@H](N)CCCCN)CSSC[C@@H](C(=O)N[C@@H](CCCNC(=N)N)C(=O)N[C@@H](CC(C)C)C(=O)N[C@@H](CC(C)C)C(=O)N[C@@H](CCC(N)=O)C(=O)O)NC(=O)[C@H](CC(C)C)NC1=O,25.0
CHEMBL4853580,CN(c1ccccc1)S(=O)(=O)C1CC2OC1C(c1ccc(NC(=O)CCCCCCC(=O)O)cc1)=C2c1ccc(O)cc1,23.71
CHEMBL4853571,Cc1ccc(N(C)S(=O)(=O)C2CC3OC2C(c2ccc(NC(=O)CCCCCCC(=O)O)cc2)=C3c2ccc(O)cc2)cc1,704.55
CHEMBL4870760,Cc1cccc(N(C)S(=O)(=O)C2CC3OC2C(c2ccc(NC(=O)CCCCCCC(=O)O)cc2)=C3c2ccc(O)cc2)c1,84.24
CHEMBL4855191,COc1ccc(N(C)S(=O)(=O)C2CC3OC2C(c2ccc(NC(=O)CCCCCCC(=O)O)cc2)=C3c2ccc(O)cc2)cc1,53.73
CHEMBL4851237,COc1cccc(N(C)S(=O)(=O)C2CC3OC2C(c2ccc(NC(=O)CCCCCCC(=O)O)cc2)=C3c2ccc(O)cc2)c1,208.05
CHEMBL4851145,CN(c1ccc(O)cc1)S(=O)(=O)C1CC2OC1C(c1ccc(NC(=O)CCCCCCC(=O)O)cc1)=C2c1ccc(O)cc1,118.32
CHEMBL4855392,CN(c1ccccc1Cl)S(=O)(=O)C1CC2OC1C(c1ccc(NC(=O)CCCCCCC(=O)O)cc1)=C2c1ccc(O)cc1,26.72
CHEMBL4868001,CN(c1ccc(Cl)cc1)S(=O)(=O)C1CC2OC1C(c1ccc(NC(=O)CCCCCCC(=O)O)cc1)=C2c1ccc(O)cc1,185.63
CHEMBL4871032,CN(c1cccc2ccccc12)S(=O)(=O)C1CC2OC1C(c1ccc(NC(=O)CCCCCCC(=O)O)cc1)=C2c1ccc(O)cc1,1722.22
CHEMBL4849503,CCN(c1ccccc1)S(=O)(=O)C1CC2OC1C(c1ccc(NC(=O)CCCCCCC(=O)O)cc1)=C2c1ccc(O)cc1,260.5
CHEMBL4874175,CCN(c1ccc(C)cc1)S(=O)(=O)C1CC2OC1C(c1ccc(NC(=O)CCCCCCC(=O)O)cc1)=C2c1ccc(O)cc1,1409.09
CHEMBL4873312,CCN(c1cccc(C)c1)S(=O)(=O)C1CC2OC1C(c1ccc(NC(=O)CCCCCCC(=O)O)cc1)=C2c1ccc(O)cc1,1000.0
CHEMBL4861959,CCN(c1ccc(OC)cc1)S(=O)(=O)C1CC2OC1C(c1ccc(NC(=O)CCCCCCC(=O)O)cc1)=C2c1ccc(O)cc1,673.91
CHEMBL4852827,CCN(c1cccc(OC)c1)S(=O)(=O)C1CC2OC1C(c1ccc(NC(=O)CCCCCCC(=O)O)cc1)=C2c1ccc(O)cc1,153.47
CHEMBL4862515,CCN(c1ccc(O)cc1)S(=O)(=O)C1CC2OC1C(c1ccc(NC(=O)CCCCCCC(=O)O)cc1)=C2c1ccc(O)cc1,246.03
CHEMBL4870293,CCN(c1ccccc1Cl)S(=O)(=O)C1CC2OC1C(c1ccc(NC(=O)CCCCCCC(=O)O)cc1)=C2c1ccc(O)cc1,720.93
CHEMBL4878251,CCN(c1ccc(Cl)cc1)S(=O)(=O)C1CC2OC1C(c1ccc(NC(=O)CCCCCCC(=O)O)cc1)=C2c1ccc(O)cc1,1291.67
CHEMBL4869951,CCN(c1ccccc1Br)S(=O)(=O)C1CC2OC1C(c1ccc(NC(=O)CCCCCCC(=O)O)cc1)=C2c1ccc(O)cc1,534.48
CHEMBL4874242,O=C(O)CCCCCCC(=O)Nc1ccc(C2=C(c3ccc(O)cc3)C3CC(S(=O)(=O)N(CC(F)(F)F)c4ccccc4)C2O3)cc1,1823.53
CHEMBL4875988,Cc1ccc(N(CC(F)(F)F)S(=O)(=O)C2CC3OC2C(c2ccc(NC(=O)CCCCCCC(=O)O)cc2)=C3c2ccc(O)cc2)cc1,968.75
CHEMBL4859208,Cc1cccc(N(CC(F)(F)F)S(=O)(=O)C2CC3OC2C(c2ccc(NC(=O)CCCCCCC(=O)O)cc2)=C3c2ccc(O)cc2)c1,659.57
CHEMBL4855745,COc1ccc(N(CC(F)(F)F)S(=O)(=O)C2CC3OC2C(c2ccc(NC(=O)CCCCCCC(=O)O)cc2)=C3c2ccc(O)cc2)cc1,1550.0
CHEMBL4869562,COc1cccc(N(CC(F)(F)F)S(=O)(=O)C2CC3OC2C(c2ccc(NC(=O)CCCCCCC(=O)O)cc2)=C3c2ccc(O)cc2)c1,500.0
CHEMBL4862733,O=C(O)CCCCCCC(=O)Nc1ccc(C2=C(c3ccc(O)cc3)C3CC(S(=O)(=O)N(Cc4ccccc4)CC(F)(F)F)C2O3)cc1,553.57
CHEMBL4849015,O=S(=O)(C1CC2OC1C(c1ccc(O)cc1)=C2c1ccc(O)cc1)N(CC(F)(F)F)c1ccccc1,108.01
CHEMBL3589353,Cc1cccc(OS(=O)(=O)C2CC3OC2C(c2ccc(NC(=O)CCCCCCC(=O)O)cc2)=C3c2ccc(O)cc2)c1,78.89
CHEMBL3589367,O=C(O)CCCCCCC(=O)Nc1ccc(C2=C(c3ccc(O)cc3)C3CC(S(=O)(=O)Oc4cccc5ccccc45)C2O3)cc1,180.88
CHEMBL4878120,COc1ccc2cc(-c3ccc4c(c3)OCO4)n([C@H](COc3ccc([N+](=O)[O-])cc3)OC)c(=O)c2c1OC,17069.1
CHEMBL4853497,COc1ccc2cc(-c3ccc4c(c3)OCO4)n([C@@H](COc3ccc([N+](=O)[O-])cc3)OC)c(=O)c2c1OC,2320.58
CHEMBL4514203,O[C@]1(C(F)(F)F)CCCC[C@H]1Nc1ccc(F)cc1,0.72
